,Meta,t_g1,delta_t_g1,Delay_M
0,n = 15,3022.0,0.0,1290.0
1,r = 0.5,3022.0,12.820512820512821,1300.0
2,a_apc = 5,3022.0,25.641025641025642,1310.0
3,a_cdk = 5,3022.0,38.46153846153847,1320.0
4,a_e2f = 5,3022.0,51.282051282051285,1330.0
5,deld = 0.05,3022.0,64.1025641025641,1341.0
6,delb = 0.05,3022.0,76.92307692307693,1351.0
7,eps_apc = 100,3022.0,89.74358974358975,1361.0
8,eps_cdk = 100,3022.0,102.56410256410257,1372.0
9,eps_e2f = 100,3022.0,115.38461538461539,1382.0
10,Kd = 120,3022.0,128.2051282051282,1393.0
11,Kb = 40,3022.0,141.02564102564102,1403.0
12,Kcdk = 20,3022.0,153.84615384615387,1414.0
13,dsyn = 0.15,3022.0,166.66666666666669,1425.0
14,ddeg = 0.009,3022.0,179.4871794871795,1436.0
15,bsyn = 0.03,3022.0,192.30769230769232,1446.0
16,bdeg = 0.003,3022.0,205.12820512820514,1457.0
17,tstart = 0,3022.0,217.94871794871796,1468.0
18,tend = 20000,3022.0,230.76923076923077,1479.0
19,dt_max = 10,3022.0,243.5897435897436,1490.0
20,0.0,3022.0,256.4102564102564,1502.0
21,0.0,3022.0,269.2307692307692,1513.0
22,0.0,3022.0,282.05128205128204,1524.0
23,0.0,3022.0,294.87179487179486,1535.0
24,0.0,3022.0,307.69230769230774,1547.0
25,0.0,3022.0,320.51282051282055,1558.0
26,0.0,3022.0,333.33333333333337,1569.0
27,0.0,3022.0,346.1538461538462,1581.0
28,0.0,3022.0,358.974358974359,1592.0
29,0.0,3022.0,371.7948717948718,1604.0
30,0.0,3022.0,384.61538461538464,1616.0
31,0.0,3022.0,397.43589743589746,1627.0
32,0.0,3022.0,410.2564102564103,1639.0
33,0.0,3022.0,423.0769230769231,1651.0
34,0.0,3022.0,435.8974358974359,1663.0
35,0.0,3022.0,448.71794871794873,1674.0
36,0.0,3022.0,461.53846153846155,1686.0
37,0.0,3022.0,474.35897435897436,1698.0
38,0.0,3022.0,487.1794871794872,1710.0
39,0.0,3022.0,500.0,1722.0
40,0.0,3036.2051282051284,0.0,1290.0
41,0.0,3036.2051282051284,12.820512820512821,1300.0
42,0.0,3036.2051282051284,25.641025641025642,1311.0
43,0.0,3036.2051282051284,38.46153846153847,1321.0
44,0.0,3036.2051282051284,51.282051282051285,1331.0
45,0.0,3036.2051282051284,64.1025641025641,1342.0
46,0.0,3036.2051282051284,76.92307692307693,1352.0
47,0.0,3036.2051282051284,89.74358974358975,1363.0
48,0.0,3036.2051282051284,102.56410256410257,1373.0
49,0.0,3036.2051282051284,115.38461538461539,1384.0
50,0.0,3036.2051282051284,128.2051282051282,1395.0
51,0.0,3036.2051282051284,141.02564102564102,1406.0
52,0.0,3036.2051282051284,153.84615384615387,1417.0
53,0.0,3036.2051282051284,166.66666666666669,1428.0
54,0.0,3036.2051282051284,179.4871794871795,1439.0
55,0.0,3036.2051282051284,192.30769230769232,1450.0
56,0.0,3036.2051282051284,205.12820512820514,1461.0
57,0.0,3036.2051282051284,217.94871794871796,1472.0
58,0.0,3036.2051282051284,230.76923076923077,1483.0
59,0.0,3036.2051282051284,243.5897435897436,1494.0
60,0.0,3036.2051282051284,256.4102564102564,1506.0
61,0.0,3036.2051282051284,269.2307692307692,1517.0
62,0.0,3036.2051282051284,282.05128205128204,1529.0
63,0.0,3036.2051282051284,294.87179487179486,1540.0
64,0.0,3036.2051282051284,307.69230769230774,1552.0
65,0.0,3036.2051282051284,320.51282051282055,1563.0
66,0.0,3036.2051282051284,333.33333333333337,1575.0
67,0.0,3036.2051282051284,346.1538461538462,1586.0
68,0.0,3036.2051282051284,358.974358974359,1598.0
69,0.0,3036.2051282051284,371.7948717948718,1610.0
70,0.0,3036.2051282051284,384.61538461538464,1621.0
71,0.0,3036.2051282051284,397.43589743589746,1633.0
72,0.0,3036.2051282051284,410.2564102564103,1645.0
73,0.0,3036.2051282051284,423.0769230769231,1657.0
74,0.0,3036.2051282051284,435.8974358974359,1669.0
75,0.0,3036.2051282051284,448.71794871794873,1681.0
76,0.0,3036.2051282051284,461.53846153846155,1693.0
77,0.0,3036.2051282051284,474.35897435897436,1705.0
78,0.0,3036.2051282051284,487.1794871794872,1717.0
79,0.0,3036.2051282051284,500.0,1729.0
80,0.0,3050.4102564102564,0.0,1290.0
81,0.0,3050.4102564102564,12.820512820512821,1301.0
82,0.0,3050.4102564102564,25.641025641025642,1311.0
83,0.0,3050.4102564102564,38.46153846153847,1322.0
84,0.0,3050.4102564102564,51.282051282051285,1332.0
85,0.0,3050.4102564102564,64.1025641025641,1343.0
86,0.0,3050.4102564102564,76.92307692307693,1354.0
87,0.0,3050.4102564102564,89.74358974358975,1364.0
88,0.0,3050.4102564102564,102.56410256410257,1375.0
89,0.0,3050.4102564102564,115.38461538461539,1386.0
90,0.0,3050.4102564102564,128.2051282051282,1397.0
91,0.0,3050.4102564102564,141.02564102564102,1408.0
92,0.0,3050.4102564102564,153.84615384615387,1419.0
93,0.0,3050.4102564102564,166.66666666666669,1431.0
94,0.0,3050.4102564102564,179.4871794871795,1442.0
95,0.0,3050.4102564102564,192.30769230769232,1453.0
96,0.0,3050.4102564102564,205.12820512820514,1464.0
97,0.0,3050.4102564102564,217.94871794871796,1476.0
98,0.0,3050.4102564102564,230.76923076923077,1487.0
99,0.0,3050.4102564102564,243.5897435897436,1498.0
100,0.0,3050.4102564102564,256.4102564102564,1510.0
101,0.0,3050.4102564102564,269.2307692307692,1521.0
102,0.0,3050.4102564102564,282.05128205128204,1533.0
103,0.0,3050.4102564102564,294.87179487179486,1545.0
104,0.0,3050.4102564102564,307.69230769230774,1556.0
105,0.0,3050.4102564102564,320.51282051282055,1568.0
106,0.0,3050.4102564102564,333.33333333333337,1580.0
107,0.0,3050.4102564102564,346.1538461538462,1592.0
108,0.0,3050.4102564102564,358.974358974359,1603.0
109,0.0,3050.4102564102564,371.7948717948718,1615.0
110,0.0,3050.4102564102564,384.61538461538464,1627.0
111,0.0,3050.4102564102564,397.43589743589746,1639.0
112,0.0,3050.4102564102564,410.2564102564103,1651.0
113,0.0,3050.4102564102564,423.0769230769231,1663.0
114,0.0,3050.4102564102564,435.8974358974359,1675.0
115,0.0,3050.4102564102564,448.71794871794873,1687.0
116,0.0,3050.4102564102564,461.53846153846155,1699.0
117,0.0,3050.4102564102564,474.35897435897436,1712.0
118,0.0,3050.4102564102564,487.1794871794872,1724.0
119,0.0,3050.4102564102564,500.0,1736.0
120,0.0,3064.6153846153848,0.0,1290.0
121,0.0,3064.6153846153848,12.820512820512821,1301.0
122,0.0,3064.6153846153848,25.641025641025642,1312.0
123,0.0,3064.6153846153848,38.46153846153847,1322.0
124,0.0,3064.6153846153848,51.282051282051285,1333.0
125,0.0,3064.6153846153848,64.1025641025641,1344.0
126,0.0,3064.6153846153848,76.92307692307693,1355.0
127,0.0,3064.6153846153848,89.74358974358975,1366.0
128,0.0,3064.6153846153848,102.56410256410257,1377.0
129,0.0,3064.6153846153848,115.38461538461539,1388.0
130,0.0,3064.6153846153848,128.2051282051282,1400.0
131,0.0,3064.6153846153848,141.02564102564102,1411.0
132,0.0,3064.6153846153848,153.84615384615387,1422.0
133,0.0,3064.6153846153848,166.66666666666669,1433.0
134,0.0,3064.6153846153848,179.4871794871795,1445.0
135,0.0,3064.6153846153848,192.30769230769232,1456.0
136,0.0,3064.6153846153848,205.12820512820514,1468.0
137,0.0,3064.6153846153848,217.94871794871796,1479.0
138,0.0,3064.6153846153848,230.76923076923077,1491.0
139,0.0,3064.6153846153848,243.5897435897436,1502.0
140,0.0,3064.6153846153848,256.4102564102564,1514.0
141,0.0,3064.6153846153848,269.2307692307692,1526.0
142,0.0,3064.6153846153848,282.05128205128204,1538.0
143,0.0,3064.6153846153848,294.87179487179486,1549.0
144,0.0,3064.6153846153848,307.69230769230774,1561.0
145,0.0,3064.6153846153848,320.51282051282055,1573.0
146,0.0,3064.6153846153848,333.33333333333337,1585.0
147,0.0,3064.6153846153848,346.1538461538462,1597.0
148,0.0,3064.6153846153848,358.974358974359,1609.0
149,0.0,3064.6153846153848,371.7948717948718,1621.0
150,0.0,3064.6153846153848,384.61538461538464,1633.0
151,0.0,3064.6153846153848,397.43589743589746,1645.0
152,0.0,3064.6153846153848,410.2564102564103,1657.0
153,0.0,3064.6153846153848,423.0769230769231,1669.0
154,0.0,3064.6153846153848,435.8974358974359,1682.0
155,0.0,3064.6153846153848,448.71794871794873,1694.0
156,0.0,3064.6153846153848,461.53846153846155,1706.0
157,0.0,3064.6153846153848,474.35897435897436,1718.0
158,0.0,3064.6153846153848,487.1794871794872,1731.0
159,0.0,3064.6153846153848,500.0,1743.0
160,0.0,3078.8205128205127,0.0,1290.0
161,0.0,3078.8205128205127,12.820512820512821,1301.0
162,0.0,3078.8205128205127,25.641025641025642,1312.0
163,0.0,3078.8205128205127,38.46153846153847,1323.0
164,0.0,3078.8205128205127,51.282051282051285,1334.0
165,0.0,3078.8205128205127,64.1025641025641,1345.0
166,0.0,3078.8205128205127,76.92307692307693,1356.0
167,0.0,3078.8205128205127,89.74358974358975,1368.0
168,0.0,3078.8205128205127,102.56410256410257,1379.0
169,0.0,3078.8205128205127,115.38461538461539,1390.0
170,0.0,3078.8205128205127,128.2051282051282,1402.0
171,0.0,3078.8205128205127,141.02564102564102,1413.0
172,0.0,3078.8205128205127,153.84615384615387,1425.0
173,0.0,3078.8205128205127,166.66666666666669,1436.0
174,0.0,3078.8205128205127,179.4871794871795,1448.0
175,0.0,3078.8205128205127,192.30769230769232,1459.0
176,0.0,3078.8205128205127,205.12820512820514,1471.0
177,0.0,3078.8205128205127,217.94871794871796,1483.0
178,0.0,3078.8205128205127,230.76923076923077,1495.0
179,0.0,3078.8205128205127,243.5897435897436,1506.0
180,0.0,3078.8205128205127,256.4102564102564,1518.0
181,0.0,3078.8205128205127,269.2307692307692,1530.0
182,0.0,3078.8205128205127,282.05128205128204,1542.0
183,0.0,3078.8205128205127,294.87179487179486,1554.0
184,0.0,3078.8205128205127,307.69230769230774,1566.0
185,0.0,3078.8205128205127,320.51282051282055,1578.0
186,0.0,3078.8205128205127,333.33333333333337,1590.0
187,0.0,3078.8205128205127,346.1538461538462,1602.0
188,0.0,3078.8205128205127,358.974358974359,1614.0
189,0.0,3078.8205128205127,371.7948717948718,1626.0
190,0.0,3078.8205128205127,384.61538461538464,1639.0
191,0.0,3078.8205128205127,397.43589743589746,1651.0
192,0.0,3078.8205128205127,410.2564102564103,1663.0
193,0.0,3078.8205128205127,423.0769230769231,1675.0
194,0.0,3078.8205128205127,435.8974358974359,1688.0
195,0.0,3078.8205128205127,448.71794871794873,1700.0
196,0.0,3078.8205128205127,461.53846153846155,1713.0
197,0.0,3078.8205128205127,474.35897435897436,1725.0
198,0.0,3078.8205128205127,487.1794871794872,1737.0
199,0.0,3078.8205128205127,500.0,1750.0
200,0.0,3093.025641025641,0.0,1290.0
201,0.0,3093.025641025641,12.820512820512821,1301.0
202,0.0,3093.025641025641,25.641025641025642,1312.0
203,0.0,3093.025641025641,38.46153846153847,1324.0
204,0.0,3093.025641025641,51.282051282051285,1335.0
205,0.0,3093.025641025641,64.1025641025641,1346.0
206,0.0,3093.025641025641,76.92307692307693,1358.0
207,0.0,3093.025641025641,89.74358974358975,1369.0
208,0.0,3093.025641025641,102.56410256410257,1381.0
209,0.0,3093.025641025641,115.38461538461539,1392.0
210,0.0,3093.025641025641,128.2051282051282,1404.0
211,0.0,3093.025641025641,141.02564102564102,1416.0
212,0.0,3093.025641025641,153.84615384615387,1427.0
213,0.0,3093.025641025641,166.66666666666669,1439.0
214,0.0,3093.025641025641,179.4871794871795,1451.0
215,0.0,3093.025641025641,192.30769230769232,1463.0
216,0.0,3093.025641025641,205.12820512820514,1475.0
217,0.0,3093.025641025641,217.94871794871796,1486.0
218,0.0,3093.025641025641,230.76923076923077,1498.0
219,0.0,3093.025641025641,243.5897435897436,1510.0
220,0.0,3093.025641025641,256.4102564102564,1522.0
221,0.0,3093.025641025641,269.2307692307692,1534.0
222,0.0,3093.025641025641,282.05128205128204,1546.0
223,0.0,3093.025641025641,294.87179487179486,1559.0
224,0.0,3093.025641025641,307.69230769230774,1571.0
225,0.0,3093.025641025641,320.51282051282055,1583.0
226,0.0,3093.025641025641,333.33333333333337,1595.0
227,0.0,3093.025641025641,346.1538461538462,1607.0
228,0.0,3093.025641025641,358.974358974359,1620.0
229,0.0,3093.025641025641,371.7948717948718,1632.0
230,0.0,3093.025641025641,384.61538461538464,1644.0
231,0.0,3093.025641025641,397.43589743589746,1657.0
232,0.0,3093.025641025641,410.2564102564103,1669.0
233,0.0,3093.025641025641,423.0769230769231,1682.0
234,0.0,3093.025641025641,435.8974358974359,1694.0
235,0.0,3093.025641025641,448.71794871794873,1706.0
236,0.0,3093.025641025641,461.53846153846155,1719.0
237,0.0,3093.025641025641,474.35897435897436,1732.0
238,0.0,3093.025641025641,487.1794871794872,1744.0
239,0.0,3093.025641025641,500.0,1757.0
240,0.0,3107.230769230769,0.0,1290.0
241,0.0,3107.230769230769,12.820512820512821,1302.0
242,0.0,3107.230769230769,25.641025641025642,1313.0
243,0.0,3107.230769230769,38.46153846153847,1324.0
244,0.0,3107.230769230769,51.282051282051285,1336.0
245,0.0,3107.230769230769,64.1025641025641,1348.0
246,0.0,3107.230769230769,76.92307692307693,1359.0
247,0.0,3107.230769230769,89.74358974358975,1371.0
248,0.0,3107.230769230769,102.56410256410257,1383.0
249,0.0,3107.230769230769,115.38461538461539,1394.0
250,0.0,3107.230769230769,128.2051282051282,1406.0
251,0.0,3107.230769230769,141.02564102564102,1418.0
252,0.0,3107.230769230769,153.84615384615387,1430.0
253,0.0,3107.230769230769,166.66666666666669,1442.0
254,0.0,3107.230769230769,179.4871794871795,1454.0
255,0.0,3107.230769230769,192.30769230769232,1466.0
256,0.0,3107.230769230769,205.12820512820514,1478.0
257,0.0,3107.230769230769,217.94871794871796,1490.0
258,0.0,3107.230769230769,230.76923076923077,1502.0
259,0.0,3107.230769230769,243.5897435897436,1514.0
260,0.0,3107.230769230769,256.4102564102564,1526.0
261,0.0,3107.230769230769,269.2307692307692,1539.0
262,0.0,3107.230769230769,282.05128205128204,1551.0
263,0.0,3107.230769230769,294.87179487179486,1563.0
264,0.0,3107.230769230769,307.69230769230774,1575.0
265,0.0,3107.230769230769,320.51282051282055,1588.0
266,0.0,3107.230769230769,333.33333333333337,1600.0
267,0.0,3107.230769230769,346.1538461538462,1613.0
268,0.0,3107.230769230769,358.974358974359,1625.0
269,0.0,3107.230769230769,371.7948717948718,1637.0
270,0.0,3107.230769230769,384.61538461538464,1650.0
271,0.0,3107.230769230769,397.43589743589746,1662.0
272,0.0,3107.230769230769,410.2564102564103,1675.0
273,0.0,3107.230769230769,423.0769230769231,1688.0
274,0.0,3107.230769230769,435.8974358974359,1700.0
275,0.0,3107.230769230769,448.71794871794873,1713.0
276,0.0,3107.230769230769,461.53846153846155,1725.0
277,0.0,3107.230769230769,474.35897435897436,1738.0
278,0.0,3107.230769230769,487.1794871794872,1751.0
279,0.0,3107.230769230769,500.0,1763.0
280,0.0,3121.4358974358975,0.0,1290.0
281,0.0,3121.4358974358975,12.820512820512821,1302.0
282,0.0,3121.4358974358975,25.641025641025642,1313.0
283,0.0,3121.4358974358975,38.46153846153847,1325.0
284,0.0,3121.4358974358975,51.282051282051285,1337.0
285,0.0,3121.4358974358975,64.1025641025641,1349.0
286,0.0,3121.4358974358975,76.92307692307693,1361.0
287,0.0,3121.4358974358975,89.74358974358975,1373.0
288,0.0,3121.4358974358975,102.56410256410257,1384.0
289,0.0,3121.4358974358975,115.38461538461539,1396.0
290,0.0,3121.4358974358975,128.2051282051282,1408.0
291,0.0,3121.4358974358975,141.02564102564102,1420.0
292,0.0,3121.4358974358975,153.84615384615387,1433.0
293,0.0,3121.4358974358975,166.66666666666669,1445.0
294,0.0,3121.4358974358975,179.4871794871795,1457.0
295,0.0,3121.4358974358975,192.30769230769232,1469.0
296,0.0,3121.4358974358975,205.12820512820514,1481.0
297,0.0,3121.4358974358975,217.94871794871796,1493.0
298,0.0,3121.4358974358975,230.76923076923077,1506.0
299,0.0,3121.4358974358975,243.5897435897436,1518.0
300,0.0,3121.4358974358975,256.4102564102564,1530.0
301,0.0,3121.4358974358975,269.2307692307692,1543.0
302,0.0,3121.4358974358975,282.05128205128204,1555.0
303,0.0,3121.4358974358975,294.87179487179486,1568.0
304,0.0,3121.4358974358975,307.69230769230774,1580.0
305,0.0,3121.4358974358975,320.51282051282055,1593.0
306,0.0,3121.4358974358975,333.33333333333337,1605.0
307,0.0,3121.4358974358975,346.1538461538462,1618.0
308,0.0,3121.4358974358975,358.974358974359,1630.0
309,0.0,3121.4358974358975,371.7948717948718,1643.0
310,0.0,3121.4358974358975,384.61538461538464,1656.0
311,0.0,3121.4358974358975,397.43589743589746,1668.0
312,0.0,3121.4358974358975,410.2564102564103,1681.0
313,0.0,3121.4358974358975,423.0769230769231,1694.0
314,0.0,3121.4358974358975,435.8974358974359,1706.0
315,0.0,3121.4358974358975,448.71794871794873,1719.0
316,0.0,3121.4358974358975,461.53846153846155,1732.0
317,0.0,3121.4358974358975,474.35897435897436,1745.0
318,0.0,3121.4358974358975,487.1794871794872,1757.0
319,0.0,3121.4358974358975,500.0,1770.0
320,0.0,3135.6410256410254,0.0,1290.0
321,0.0,3135.6410256410254,12.820512820512821,1302.0
322,0.0,3135.6410256410254,25.641025641025642,1314.0
323,0.0,3135.6410256410254,38.46153846153847,1326.0
324,0.0,3135.6410256410254,51.282051282051285,1338.0
325,0.0,3135.6410256410254,64.1025641025641,1350.0
326,0.0,3135.6410256410254,76.92307692307693,1362.0
327,0.0,3135.6410256410254,89.74358974358975,1374.0
328,0.0,3135.6410256410254,102.56410256410257,1386.0
329,0.0,3135.6410256410254,115.38461538461539,1398.0
330,0.0,3135.6410256410254,128.2051282051282,1411.0
331,0.0,3135.6410256410254,141.02564102564102,1423.0
332,0.0,3135.6410256410254,153.84615384615387,1435.0
333,0.0,3135.6410256410254,166.66666666666669,1447.0
334,0.0,3135.6410256410254,179.4871794871795,1460.0
335,0.0,3135.6410256410254,192.30769230769232,1472.0
336,0.0,3135.6410256410254,205.12820512820514,1485.0
337,0.0,3135.6410256410254,217.94871794871796,1497.0
338,0.0,3135.6410256410254,230.76923076923077,1509.0
339,0.0,3135.6410256410254,243.5897435897436,1522.0
340,0.0,3135.6410256410254,256.4102564102564,1534.0
341,0.0,3135.6410256410254,269.2307692307692,1547.0
342,0.0,3135.6410256410254,282.05128205128204,1560.0
343,0.0,3135.6410256410254,294.87179487179486,1572.0
344,0.0,3135.6410256410254,307.69230769230774,1585.0
345,0.0,3135.6410256410254,320.51282051282055,1597.0
346,0.0,3135.6410256410254,333.33333333333337,1610.0
347,0.0,3135.6410256410254,346.1538461538462,1623.0
348,0.0,3135.6410256410254,358.974358974359,1636.0
349,0.0,3135.6410256410254,371.7948717948718,1648.0
350,0.0,3135.6410256410254,384.61538461538464,1661.0
351,0.0,3135.6410256410254,397.43589743589746,1674.0
352,0.0,3135.6410256410254,410.2564102564103,1687.0
353,0.0,3135.6410256410254,423.0769230769231,1699.0
354,0.0,3135.6410256410254,435.8974358974359,1712.0
355,0.0,3135.6410256410254,448.71794871794873,1725.0
356,0.0,3135.6410256410254,461.53846153846155,1738.0
357,0.0,3135.6410256410254,474.35897435897436,1751.0
358,0.0,3135.6410256410254,487.1794871794872,1764.0
359,0.0,3135.6410256410254,500.0,1777.0
360,0.0,3149.846153846154,0.0,1290.0
361,0.0,3149.846153846154,12.820512820512821,1302.0
362,0.0,3149.846153846154,25.641025641025642,1314.0
363,0.0,3149.846153846154,38.46153846153847,1327.0
364,0.0,3149.846153846154,51.282051282051285,1339.0
365,0.0,3149.846153846154,64.1025641025641,1351.0
366,0.0,3149.846153846154,76.92307692307693,1363.0
367,0.0,3149.846153846154,89.74358974358975,1376.0
368,0.0,3149.846153846154,102.56410256410257,1388.0
369,0.0,3149.846153846154,115.38461538461539,1400.0
370,0.0,3149.846153846154,128.2051282051282,1413.0
371,0.0,3149.846153846154,141.02564102564102,1425.0
372,0.0,3149.846153846154,153.84615384615387,1438.0
373,0.0,3149.846153846154,166.66666666666669,1450.0
374,0.0,3149.846153846154,179.4871794871795,1463.0
375,0.0,3149.846153846154,192.30769230769232,1475.0
376,0.0,3149.846153846154,205.12820512820514,1488.0
377,0.0,3149.846153846154,217.94871794871796,1500.0
378,0.0,3149.846153846154,230.76923076923077,1513.0
379,0.0,3149.846153846154,243.5897435897436,1526.0
380,0.0,3149.846153846154,256.4102564102564,1538.0
381,0.0,3149.846153846154,269.2307692307692,1551.0
382,0.0,3149.846153846154,282.05128205128204,1564.0
383,0.0,3149.846153846154,294.87179487179486,1577.0
384,0.0,3149.846153846154,307.69230769230774,1589.0
385,0.0,3149.846153846154,320.51282051282055,1602.0
386,0.0,3149.846153846154,333.33333333333337,1615.0
387,0.0,3149.846153846154,346.1538461538462,1628.0
388,0.0,3149.846153846154,358.974358974359,1641.0
389,0.0,3149.846153846154,371.7948717948718,1654.0
390,0.0,3149.846153846154,384.61538461538464,1666.0
391,0.0,3149.846153846154,397.43589743589746,1679.0
392,0.0,3149.846153846154,410.2564102564103,1692.0
393,0.0,3149.846153846154,423.0769230769231,1705.0
394,0.0,3149.846153846154,435.8974358974359,1718.0
395,0.0,3149.846153846154,448.71794871794873,1731.0
396,0.0,3149.846153846154,461.53846153846155,1744.0
397,0.0,3149.846153846154,474.35897435897436,1757.0
398,0.0,3149.846153846154,487.1794871794872,1770.0
399,0.0,3149.846153846154,500.0,1784.0
400,0.0,3164.051282051282,0.0,1290.0
401,0.0,3164.051282051282,12.820512820512821,1302.0
402,0.0,3164.051282051282,25.641025641025642,1315.0
403,0.0,3164.051282051282,38.46153846153847,1327.0
404,0.0,3164.051282051282,51.282051282051285,1340.0
405,0.0,3164.051282051282,64.1025641025641,1352.0
406,0.0,3164.051282051282,76.92307692307693,1365.0
407,0.0,3164.051282051282,89.74358974358975,1377.0
408,0.0,3164.051282051282,102.56410256410257,1390.0
409,0.0,3164.051282051282,115.38461538461539,1402.0
410,0.0,3164.051282051282,128.2051282051282,1415.0
411,0.0,3164.051282051282,141.02564102564102,1428.0
412,0.0,3164.051282051282,153.84615384615387,1440.0
413,0.0,3164.051282051282,166.66666666666669,1453.0
414,0.0,3164.051282051282,179.4871794871795,1466.0
415,0.0,3164.051282051282,192.30769230769232,1478.0
416,0.0,3164.051282051282,205.12820512820514,1491.0
417,0.0,3164.051282051282,217.94871794871796,1504.0
418,0.0,3164.051282051282,230.76923076923077,1517.0
419,0.0,3164.051282051282,243.5897435897436,1529.0
420,0.0,3164.051282051282,256.4102564102564,1542.0
421,0.0,3164.051282051282,269.2307692307692,1555.0
422,0.0,3164.051282051282,282.05128205128204,1568.0
423,0.0,3164.051282051282,294.87179487179486,1581.0
424,0.0,3164.051282051282,307.69230769230774,1594.0
425,0.0,3164.051282051282,320.51282051282055,1607.0
426,0.0,3164.051282051282,333.33333333333337,1620.0
427,0.0,3164.051282051282,346.1538461538462,1633.0
428,0.0,3164.051282051282,358.974358974359,1646.0
429,0.0,3164.051282051282,371.7948717948718,1659.0
430,0.0,3164.051282051282,384.61538461538464,1672.0
431,0.0,3164.051282051282,397.43589743589746,1685.0
432,0.0,3164.051282051282,410.2564102564103,1698.0
433,0.0,3164.051282051282,423.0769230769231,1711.0
434,0.0,3164.051282051282,435.8974358974359,1724.0
435,0.0,3164.051282051282,448.71794871794873,1737.0
436,0.0,3164.051282051282,461.53846153846155,1751.0
437,0.0,3164.051282051282,474.35897435897436,1764.0
438,0.0,3164.051282051282,487.1794871794872,1777.0
439,0.0,3164.051282051282,500.0,1790.0
440,0.0,3178.25641025641,0.0,1290.0
441,0.0,3178.25641025641,12.820512820512821,1303.0
442,0.0,3178.25641025641,25.641025641025642,1315.0
443,0.0,3178.25641025641,38.46153846153847,1328.0
444,0.0,3178.25641025641,51.282051282051285,1341.0
445,0.0,3178.25641025641,64.1025641025641,1353.0
446,0.0,3178.25641025641,76.92307692307693,1366.0
447,0.0,3178.25641025641,89.74358974358975,1379.0
448,0.0,3178.25641025641,102.56410256410257,1391.0
449,0.0,3178.25641025641,115.38461538461539,1404.0
450,0.0,3178.25641025641,128.2051282051282,1417.0
451,0.0,3178.25641025641,141.02564102564102,1430.0
452,0.0,3178.25641025641,153.84615384615387,1443.0
453,0.0,3178.25641025641,166.66666666666669,1456.0
454,0.0,3178.25641025641,179.4871794871795,1468.0
455,0.0,3178.25641025641,192.30769230769232,1481.0
456,0.0,3178.25641025641,205.12820512820514,1494.0
457,0.0,3178.25641025641,217.94871794871796,1507.0
458,0.0,3178.25641025641,230.76923076923077,1520.0
459,0.0,3178.25641025641,243.5897435897436,1533.0
460,0.0,3178.25641025641,256.4102564102564,1546.0
461,0.0,3178.25641025641,269.2307692307692,1559.0
462,0.0,3178.25641025641,282.05128205128204,1572.0
463,0.0,3178.25641025641,294.87179487179486,1585.0
464,0.0,3178.25641025641,307.69230769230774,1598.0
465,0.0,3178.25641025641,320.51282051282055,1612.0
466,0.0,3178.25641025641,333.33333333333337,1625.0
467,0.0,3178.25641025641,346.1538461538462,1638.0
468,0.0,3178.25641025641,358.974358974359,1651.0
469,0.0,3178.25641025641,371.7948717948718,1664.0
470,0.0,3178.25641025641,384.61538461538464,1677.0
471,0.0,3178.25641025641,397.43589743589746,1690.0
472,0.0,3178.25641025641,410.2564102564103,1704.0
473,0.0,3178.25641025641,423.0769230769231,1717.0
474,0.0,3178.25641025641,435.8974358974359,1730.0
475,0.0,3178.25641025641,448.71794871794873,1743.0
476,0.0,3178.25641025641,461.53846153846155,1757.0
477,0.0,3178.25641025641,474.35897435897436,1770.0
478,0.0,3178.25641025641,487.1794871794872,1783.0
479,0.0,3178.25641025641,500.0,1797.0
480,0.0,3192.4615384615386,0.0,1290.0
481,0.0,3192.4615384615386,12.820512820512821,1303.0
482,0.0,3192.4615384615386,25.641025641025642,1316.0
483,0.0,3192.4615384615386,38.46153846153847,1329.0
484,0.0,3192.4615384615386,51.282051282051285,1341.0
485,0.0,3192.4615384615386,64.1025641025641,1354.0
486,0.0,3192.4615384615386,76.92307692307693,1367.0
487,0.0,3192.4615384615386,89.74358974358975,1380.0
488,0.0,3192.4615384615386,102.56410256410257,1393.0
489,0.0,3192.4615384615386,115.38461538461539,1406.0
490,0.0,3192.4615384615386,128.2051282051282,1419.0
491,0.0,3192.4615384615386,141.02564102564102,1432.0
492,0.0,3192.4615384615386,153.84615384615387,1445.0
493,0.0,3192.4615384615386,166.66666666666669,1458.0
494,0.0,3192.4615384615386,179.4871794871795,1471.0
495,0.0,3192.4615384615386,192.30769230769232,1484.0
496,0.0,3192.4615384615386,205.12820512820514,1497.0
497,0.0,3192.4615384615386,217.94871794871796,1511.0
498,0.0,3192.4615384615386,230.76923076923077,1524.0
499,0.0,3192.4615384615386,243.5897435897436,1537.0
500,0.0,3192.4615384615386,256.4102564102564,1550.0
501,0.0,3192.4615384615386,269.2307692307692,1563.0
502,0.0,3192.4615384615386,282.05128205128204,1576.0
503,0.0,3192.4615384615386,294.87179487179486,1590.0
504,0.0,3192.4615384615386,307.69230769230774,1603.0
505,0.0,3192.4615384615386,320.51282051282055,1616.0
506,0.0,3192.4615384615386,333.33333333333337,1629.0
507,0.0,3192.4615384615386,346.1538461538462,1643.0
508,0.0,3192.4615384615386,358.974358974359,1656.0
509,0.0,3192.4615384615386,371.7948717948718,1669.0
510,0.0,3192.4615384615386,384.61538461538464,1683.0
511,0.0,3192.4615384615386,397.43589743589746,1696.0
512,0.0,3192.4615384615386,410.2564102564103,1709.0
513,0.0,3192.4615384615386,423.0769230769231,1723.0
514,0.0,3192.4615384615386,435.8974358974359,1736.0
515,0.0,3192.4615384615386,448.71794871794873,1749.0
516,0.0,3192.4615384615386,461.53846153846155,1763.0
517,0.0,3192.4615384615386,474.35897435897436,1776.0
518,0.0,3192.4615384615386,487.1794871794872,1790.0
519,0.0,3192.4615384615386,500.0,1803.0
520,0.0,3206.6666666666665,0.0,1290.0
521,0.0,3206.6666666666665,12.820512820512821,1303.0
522,0.0,3206.6666666666665,25.641025641025642,1316.0
523,0.0,3206.6666666666665,38.46153846153847,1329.0
524,0.0,3206.6666666666665,51.282051282051285,1342.0
525,0.0,3206.6666666666665,64.1025641025641,1355.0
526,0.0,3206.6666666666665,76.92307692307693,1369.0
527,0.0,3206.6666666666665,89.74358974358975,1382.0
528,0.0,3206.6666666666665,102.56410256410257,1395.0
529,0.0,3206.6666666666665,115.38461538461539,1408.0
530,0.0,3206.6666666666665,128.2051282051282,1421.0
531,0.0,3206.6666666666665,141.02564102564102,1434.0
532,0.0,3206.6666666666665,153.84615384615387,1448.0
533,0.0,3206.6666666666665,166.66666666666669,1461.0
534,0.0,3206.6666666666665,179.4871794871795,1474.0
535,0.0,3206.6666666666665,192.30769230769232,1487.0
536,0.0,3206.6666666666665,205.12820512820514,1501.0
537,0.0,3206.6666666666665,217.94871794871796,1514.0
538,0.0,3206.6666666666665,230.76923076923077,1527.0
539,0.0,3206.6666666666665,243.5897435897436,1541.0
540,0.0,3206.6666666666665,256.4102564102564,1554.0
541,0.0,3206.6666666666665,269.2307692307692,1567.0
542,0.0,3206.6666666666665,282.05128205128204,1581.0
543,0.0,3206.6666666666665,294.87179487179486,1594.0
544,0.0,3206.6666666666665,307.69230769230774,1607.0
545,0.0,3206.6666666666665,320.51282051282055,1621.0
546,0.0,3206.6666666666665,333.33333333333337,1634.0
547,0.0,3206.6666666666665,346.1538461538462,1648.0
548,0.0,3206.6666666666665,358.974358974359,1661.0
549,0.0,3206.6666666666665,371.7948717948718,1674.0
550,0.0,3206.6666666666665,384.61538461538464,1688.0
551,0.0,3206.6666666666665,397.43589743589746,1701.0
552,0.0,3206.6666666666665,410.2564102564103,1715.0
553,0.0,3206.6666666666665,423.0769230769231,1728.0
554,0.0,3206.6666666666665,435.8974358974359,1742.0
555,0.0,3206.6666666666665,448.71794871794873,1755.0
556,0.0,3206.6666666666665,461.53846153846155,1769.0
557,0.0,3206.6666666666665,474.35897435897436,1782.0
558,0.0,3206.6666666666665,487.1794871794872,1796.0
559,0.0,3206.6666666666665,500.0,1809.0
560,0.0,3220.871794871795,0.0,1290.0
561,0.0,3220.871794871795,12.820512820512821,1303.0
562,0.0,3220.871794871795,25.641025641025642,1317.0
563,0.0,3220.871794871795,38.46153846153847,1330.0
564,0.0,3220.871794871795,51.282051282051285,1343.0
565,0.0,3220.871794871795,64.1025641025641,1357.0
566,0.0,3220.871794871795,76.92307692307693,1370.0
567,0.0,3220.871794871795,89.74358974358975,1383.0
568,0.0,3220.871794871795,102.56410256410257,1397.0
569,0.0,3220.871794871795,115.38461538461539,1410.0
570,0.0,3220.871794871795,128.2051282051282,1423.0
571,0.0,3220.871794871795,141.02564102564102,1437.0
572,0.0,3220.871794871795,153.84615384615387,1450.0
573,0.0,3220.871794871795,166.66666666666669,1463.0
574,0.0,3220.871794871795,179.4871794871795,1477.0
575,0.0,3220.871794871795,192.30769230769232,1490.0
576,0.0,3220.871794871795,205.12820512820514,1504.0
577,0.0,3220.871794871795,217.94871794871796,1517.0
578,0.0,3220.871794871795,230.76923076923077,1531.0
579,0.0,3220.871794871795,243.5897435897436,1544.0
580,0.0,3220.871794871795,256.4102564102564,1558.0
581,0.0,3220.871794871795,269.2307692307692,1571.0
582,0.0,3220.871794871795,282.05128205128204,1585.0
583,0.0,3220.871794871795,294.87179487179486,1598.0
584,0.0,3220.871794871795,307.69230769230774,1612.0
585,0.0,3220.871794871795,320.51282051282055,1625.0
586,0.0,3220.871794871795,333.33333333333337,1639.0
587,0.0,3220.871794871795,346.1538461538462,1652.0
588,0.0,3220.871794871795,358.974358974359,1666.0
589,0.0,3220.871794871795,371.7948717948718,1680.0
590,0.0,3220.871794871795,384.61538461538464,1693.0
591,0.0,3220.871794871795,397.43589743589746,1707.0
592,0.0,3220.871794871795,410.2564102564103,1720.0
593,0.0,3220.871794871795,423.0769230769231,1734.0
594,0.0,3220.871794871795,435.8974358974359,1748.0
595,0.0,3220.871794871795,448.71794871794873,1761.0
596,0.0,3220.871794871795,461.53846153846155,1775.0
597,0.0,3220.871794871795,474.35897435897436,1788.0
598,0.0,3220.871794871795,487.1794871794872,1802.0
599,0.0,3220.871794871795,500.0,1816.0
600,0.0,3235.076923076923,0.0,1290.0
601,0.0,3235.076923076923,12.820512820512821,1304.0
602,0.0,3235.076923076923,25.641025641025642,1317.0
603,0.0,3235.076923076923,38.46153846153847,1331.0
604,0.0,3235.076923076923,51.282051282051285,1344.0
605,0.0,3235.076923076923,64.1025641025641,1358.0
606,0.0,3235.076923076923,76.92307692307693,1371.0
607,0.0,3235.076923076923,89.74358974358975,1385.0
608,0.0,3235.076923076923,102.56410256410257,1398.0
609,0.0,3235.076923076923,115.38461538461539,1412.0
610,0.0,3235.076923076923,128.2051282051282,1425.0
611,0.0,3235.076923076923,141.02564102564102,1439.0
612,0.0,3235.076923076923,153.84615384615387,1452.0
613,0.0,3235.076923076923,166.66666666666669,1466.0
614,0.0,3235.076923076923,179.4871794871795,1480.0
615,0.0,3235.076923076923,192.30769230769232,1493.0
616,0.0,3235.076923076923,205.12820512820514,1507.0
617,0.0,3235.076923076923,217.94871794871796,1520.0
618,0.0,3235.076923076923,230.76923076923077,1534.0
619,0.0,3235.076923076923,243.5897435897436,1548.0
620,0.0,3235.076923076923,256.4102564102564,1561.0
621,0.0,3235.076923076923,269.2307692307692,1575.0
622,0.0,3235.076923076923,282.05128205128204,1589.0
623,0.0,3235.076923076923,294.87179487179486,1602.0
624,0.0,3235.076923076923,307.69230769230774,1616.0
625,0.0,3235.076923076923,320.51282051282055,1630.0
626,0.0,3235.076923076923,333.33333333333337,1643.0
627,0.0,3235.076923076923,346.1538461538462,1657.0
628,0.0,3235.076923076923,358.974358974359,1671.0
629,0.0,3235.076923076923,371.7948717948718,1685.0
630,0.0,3235.076923076923,384.61538461538464,1698.0
631,0.0,3235.076923076923,397.43589743589746,1712.0
632,0.0,3235.076923076923,410.2564102564103,1726.0
633,0.0,3235.076923076923,423.0769230769231,1739.0
634,0.0,3235.076923076923,435.8974358974359,1753.0
635,0.0,3235.076923076923,448.71794871794873,1767.0
636,0.0,3235.076923076923,461.53846153846155,1781.0
637,0.0,3235.076923076923,474.35897435897436,1794.0
638,0.0,3235.076923076923,487.1794871794872,1808.0
639,0.0,3235.076923076923,500.0,1822.0
640,0.0,3249.2820512820513,0.0,1290.0
641,0.0,3249.2820512820513,12.820512820512821,1304.0
642,0.0,3249.2820512820513,25.641025641025642,1317.0
643,0.0,3249.2820512820513,38.46153846153847,1331.0
644,0.0,3249.2820512820513,51.282051282051285,1345.0
645,0.0,3249.2820512820513,64.1025641025641,1359.0
646,0.0,3249.2820512820513,76.92307692307693,1372.0
647,0.0,3249.2820512820513,89.74358974358975,1386.0
648,0.0,3249.2820512820513,102.56410256410257,1400.0
649,0.0,3249.2820512820513,115.38461538461539,1414.0
650,0.0,3249.2820512820513,128.2051282051282,1427.0
651,0.0,3249.2820512820513,141.02564102564102,1441.0
652,0.0,3249.2820512820513,153.84615384615387,1455.0
653,0.0,3249.2820512820513,166.66666666666669,1469.0
654,0.0,3249.2820512820513,179.4871794871795,1482.0
655,0.0,3249.2820512820513,192.30769230769232,1496.0
656,0.0,3249.2820512820513,205.12820512820514,1510.0
657,0.0,3249.2820512820513,217.94871794871796,1524.0
658,0.0,3249.2820512820513,230.76923076923077,1537.0
659,0.0,3249.2820512820513,243.5897435897436,1551.0
660,0.0,3249.2820512820513,256.4102564102564,1565.0
661,0.0,3249.2820512820513,269.2307692307692,1579.0
662,0.0,3249.2820512820513,282.05128205128204,1593.0
663,0.0,3249.2820512820513,294.87179487179486,1607.0
664,0.0,3249.2820512820513,307.69230769230774,1620.0
665,0.0,3249.2820512820513,320.51282051282055,1634.0
666,0.0,3249.2820512820513,333.33333333333337,1648.0
667,0.0,3249.2820512820513,346.1538461538462,1662.0
668,0.0,3249.2820512820513,358.974358974359,1676.0
669,0.0,3249.2820512820513,371.7948717948718,1690.0
670,0.0,3249.2820512820513,384.61538461538464,1703.0
671,0.0,3249.2820512820513,397.43589743589746,1717.0
672,0.0,3249.2820512820513,410.2564102564103,1731.0
673,0.0,3249.2820512820513,423.0769230769231,1745.0
674,0.0,3249.2820512820513,435.8974358974359,1759.0
675,0.0,3249.2820512820513,448.71794871794873,1773.0
676,0.0,3249.2820512820513,461.53846153846155,1786.0
677,0.0,3249.2820512820513,474.35897435897436,1800.0
678,0.0,3249.2820512820513,487.1794871794872,1814.0
679,0.0,3249.2820512820513,500.0,1828.0
680,0.0,3263.4871794871797,0.0,1290.0
681,0.0,3263.4871794871797,12.820512820512821,1304.0
682,0.0,3263.4871794871797,25.641025641025642,1318.0
683,0.0,3263.4871794871797,38.46153846153847,1332.0
684,0.0,3263.4871794871797,51.282051282051285,1346.0
685,0.0,3263.4871794871797,64.1025641025641,1360.0
686,0.0,3263.4871794871797,76.92307692307693,1374.0
687,0.0,3263.4871794871797,89.74358974358975,1387.0
688,0.0,3263.4871794871797,102.56410256410257,1401.0
689,0.0,3263.4871794871797,115.38461538461539,1415.0
690,0.0,3263.4871794871797,128.2051282051282,1429.0
691,0.0,3263.4871794871797,141.02564102564102,1443.0
692,0.0,3263.4871794871797,153.84615384615387,1457.0
693,0.0,3263.4871794871797,166.66666666666669,1471.0
694,0.0,3263.4871794871797,179.4871794871795,1485.0
695,0.0,3263.4871794871797,192.30769230769232,1499.0
696,0.0,3263.4871794871797,205.12820512820514,1513.0
697,0.0,3263.4871794871797,217.94871794871796,1527.0
698,0.0,3263.4871794871797,230.76923076923077,1541.0
699,0.0,3263.4871794871797,243.5897435897436,1555.0
700,0.0,3263.4871794871797,256.4102564102564,1569.0
701,0.0,3263.4871794871797,269.2307692307692,1583.0
702,0.0,3263.4871794871797,282.05128205128204,1597.0
703,0.0,3263.4871794871797,294.87179487179486,1611.0
704,0.0,3263.4871794871797,307.69230769230774,1625.0
705,0.0,3263.4871794871797,320.51282051282055,1639.0
706,0.0,3263.4871794871797,333.33333333333337,1653.0
707,0.0,3263.4871794871797,346.1538461538462,1666.0
708,0.0,3263.4871794871797,358.974358974359,1680.0
709,0.0,3263.4871794871797,371.7948717948718,1694.0
710,0.0,3263.4871794871797,384.61538461538464,1708.0
711,0.0,3263.4871794871797,397.43589743589746,1722.0
712,0.0,3263.4871794871797,410.2564102564103,1736.0
713,0.0,3263.4871794871797,423.0769230769231,1750.0
714,0.0,3263.4871794871797,435.8974358974359,1764.0
715,0.0,3263.4871794871797,448.71794871794873,1778.0
716,0.0,3263.4871794871797,461.53846153846155,1792.0
717,0.0,3263.4871794871797,474.35897435897436,1806.0
718,0.0,3263.4871794871797,487.1794871794872,1820.0
719,0.0,3263.4871794871797,500.0,1834.0
720,0.0,3277.6923076923076,0.0,1290.0
721,0.0,3277.6923076923076,12.820512820512821,1304.0
722,0.0,3277.6923076923076,25.641025641025642,1318.0
723,0.0,3277.6923076923076,38.46153846153847,1332.0
724,0.0,3277.6923076923076,51.282051282051285,1347.0
725,0.0,3277.6923076923076,64.1025641025641,1361.0
726,0.0,3277.6923076923076,76.92307692307693,1375.0
727,0.0,3277.6923076923076,89.74358974358975,1389.0
728,0.0,3277.6923076923076,102.56410256410257,1403.0
729,0.0,3277.6923076923076,115.38461538461539,1417.0
730,0.0,3277.6923076923076,128.2051282051282,1431.0
731,0.0,3277.6923076923076,141.02564102564102,1445.0
732,0.0,3277.6923076923076,153.84615384615387,1459.0
733,0.0,3277.6923076923076,166.66666666666669,1474.0
734,0.0,3277.6923076923076,179.4871794871795,1488.0
735,0.0,3277.6923076923076,192.30769230769232,1502.0
736,0.0,3277.6923076923076,205.12820512820514,1516.0
737,0.0,3277.6923076923076,217.94871794871796,1530.0
738,0.0,3277.6923076923076,230.76923076923077,1544.0
739,0.0,3277.6923076923076,243.5897435897436,1558.0
740,0.0,3277.6923076923076,256.4102564102564,1572.0
741,0.0,3277.6923076923076,269.2307692307692,1586.0
742,0.0,3277.6923076923076,282.05128205128204,1601.0
743,0.0,3277.6923076923076,294.87179487179486,1615.0
744,0.0,3277.6923076923076,307.69230769230774,1629.0
745,0.0,3277.6923076923076,320.51282051282055,1643.0
746,0.0,3277.6923076923076,333.33333333333337,1657.0
747,0.0,3277.6923076923076,346.1538461538462,1671.0
748,0.0,3277.6923076923076,358.974358974359,1685.0
749,0.0,3277.6923076923076,371.7948717948718,1699.0
750,0.0,3277.6923076923076,384.61538461538464,1713.0
751,0.0,3277.6923076923076,397.43589743589746,1727.0
752,0.0,3277.6923076923076,410.2564102564103,1742.0
753,0.0,3277.6923076923076,423.0769230769231,1756.0
754,0.0,3277.6923076923076,435.8974358974359,1770.0
755,0.0,3277.6923076923076,448.71794871794873,1784.0
756,0.0,3277.6923076923076,461.53846153846155,1798.0
757,0.0,3277.6923076923076,474.35897435897436,1812.0
758,0.0,3277.6923076923076,487.1794871794872,1826.0
759,0.0,3277.6923076923076,500.0,1840.0
760,0.0,3291.897435897436,0.0,1290.0
761,0.0,3291.897435897436,12.820512820512821,1304.0
762,0.0,3291.897435897436,25.641025641025642,1319.0
763,0.0,3291.897435897436,38.46153846153847,1333.0
764,0.0,3291.897435897436,51.282051282051285,1347.0
765,0.0,3291.897435897436,64.1025641025641,1362.0
766,0.0,3291.897435897436,76.92307692307693,1376.0
767,0.0,3291.897435897436,89.74358974358975,1390.0
768,0.0,3291.897435897436,102.56410256410257,1405.0
769,0.0,3291.897435897436,115.38461538461539,1419.0
770,0.0,3291.897435897436,128.2051282051282,1433.0
771,0.0,3291.897435897436,141.02564102564102,1447.0
772,0.0,3291.897435897436,153.84615384615387,1462.0
773,0.0,3291.897435897436,166.66666666666669,1476.0
774,0.0,3291.897435897436,179.4871794871795,1490.0
775,0.0,3291.897435897436,192.30769230769232,1505.0
776,0.0,3291.897435897436,205.12820512820514,1519.0
777,0.0,3291.897435897436,217.94871794871796,1533.0
778,0.0,3291.897435897436,230.76923076923077,1547.0
779,0.0,3291.897435897436,243.5897435897436,1562.0
780,0.0,3291.897435897436,256.4102564102564,1576.0
781,0.0,3291.897435897436,269.2307692307692,1590.0
782,0.0,3291.897435897436,282.05128205128204,1604.0
783,0.0,3291.897435897436,294.87179487179486,1619.0
784,0.0,3291.897435897436,307.69230769230774,1633.0
785,0.0,3291.897435897436,320.51282051282055,1647.0
786,0.0,3291.897435897436,333.33333333333337,1661.0
787,0.0,3291.897435897436,346.1538461538462,1676.0
788,0.0,3291.897435897436,358.974358974359,1690.0
789,0.0,3291.897435897436,371.7948717948718,1704.0
790,0.0,3291.897435897436,384.61538461538464,1718.0
791,0.0,3291.897435897436,397.43589743589746,1732.0
792,0.0,3291.897435897436,410.2564102564103,1747.0
793,0.0,3291.897435897436,423.0769230769231,1761.0
794,0.0,3291.897435897436,435.8974358974359,1775.0
795,0.0,3291.897435897436,448.71794871794873,1789.0
796,0.0,3291.897435897436,461.53846153846155,1804.0
797,0.0,3291.897435897436,474.35897435897436,1818.0
798,0.0,3291.897435897436,487.1794871794872,1832.0
799,0.0,3291.897435897436,500.0,1846.0
800,0.0,3306.102564102564,0.0,1290.0
801,0.0,3306.102564102564,12.820512820512821,1305.0
802,0.0,3306.102564102564,25.641025641025642,1319.0
803,0.0,3306.102564102564,38.46153846153847,1334.0
804,0.0,3306.102564102564,51.282051282051285,1348.0
805,0.0,3306.102564102564,64.1025641025641,1363.0
806,0.0,3306.102564102564,76.92307692307693,1377.0
807,0.0,3306.102564102564,89.74358974358975,1392.0
808,0.0,3306.102564102564,102.56410256410257,1406.0
809,0.0,3306.102564102564,115.38461538461539,1421.0
810,0.0,3306.102564102564,128.2051282051282,1435.0
811,0.0,3306.102564102564,141.02564102564102,1449.0
812,0.0,3306.102564102564,153.84615384615387,1464.0
813,0.0,3306.102564102564,166.66666666666669,1478.0
814,0.0,3306.102564102564,179.4871794871795,1493.0
815,0.0,3306.102564102564,192.30769230769232,1507.0
816,0.0,3306.102564102564,205.12820512820514,1522.0
817,0.0,3306.102564102564,217.94871794871796,1536.0
818,0.0,3306.102564102564,230.76923076923077,1551.0
819,0.0,3306.102564102564,243.5897435897436,1565.0
820,0.0,3306.102564102564,256.4102564102564,1579.0
821,0.0,3306.102564102564,269.2307692307692,1594.0
822,0.0,3306.102564102564,282.05128205128204,1608.0
823,0.0,3306.102564102564,294.87179487179486,1623.0
824,0.0,3306.102564102564,307.69230769230774,1637.0
825,0.0,3306.102564102564,320.51282051282055,1651.0
826,0.0,3306.102564102564,333.33333333333337,1666.0
827,0.0,3306.102564102564,346.1538461538462,1680.0
828,0.0,3306.102564102564,358.974358974359,1694.0
829,0.0,3306.102564102564,371.7948717948718,1709.0
830,0.0,3306.102564102564,384.61538461538464,1723.0
831,0.0,3306.102564102564,397.43589743589746,1737.0
832,0.0,3306.102564102564,410.2564102564103,1752.0
833,0.0,3306.102564102564,423.0769230769231,1766.0
834,0.0,3306.102564102564,435.8974358974359,1780.0
835,0.0,3306.102564102564,448.71794871794873,1795.0
836,0.0,3306.102564102564,461.53846153846155,1809.0
837,0.0,3306.102564102564,474.35897435897436,1823.0
838,0.0,3306.102564102564,487.1794871794872,1838.0
839,0.0,3306.102564102564,500.0,1852.0
840,0.0,3320.3076923076924,0.0,1290.0
841,0.0,3320.3076923076924,12.820512820512821,1305.0
842,0.0,3320.3076923076924,25.641025641025642,1320.0
843,0.0,3320.3076923076924,38.46153846153847,1334.0
844,0.0,3320.3076923076924,51.282051282051285,1349.0
845,0.0,3320.3076923076924,64.1025641025641,1364.0
846,0.0,3320.3076923076924,76.92307692307693,1378.0
847,0.0,3320.3076923076924,89.74358974358975,1393.0
848,0.0,3320.3076923076924,102.56410256410257,1408.0
849,0.0,3320.3076923076924,115.38461538461539,1422.0
850,0.0,3320.3076923076924,128.2051282051282,1437.0
851,0.0,3320.3076923076924,141.02564102564102,1452.0
852,0.0,3320.3076923076924,153.84615384615387,1466.0
853,0.0,3320.3076923076924,166.66666666666669,1481.0
854,0.0,3320.3076923076924,179.4871794871795,1495.0
855,0.0,3320.3076923076924,192.30769230769232,1510.0
856,0.0,3320.3076923076924,205.12820512820514,1525.0
857,0.0,3320.3076923076924,217.94871794871796,1539.0
858,0.0,3320.3076923076924,230.76923076923077,1554.0
859,0.0,3320.3076923076924,243.5897435897436,1568.0
860,0.0,3320.3076923076924,256.4102564102564,1583.0
861,0.0,3320.3076923076924,269.2307692307692,1597.0
862,0.0,3320.3076923076924,282.05128205128204,1612.0
863,0.0,3320.3076923076924,294.87179487179486,1626.0
864,0.0,3320.3076923076924,307.69230769230774,1641.0
865,0.0,3320.3076923076924,320.51282051282055,1655.0
866,0.0,3320.3076923076924,333.33333333333337,1670.0
867,0.0,3320.3076923076924,346.1538461538462,1684.0
868,0.0,3320.3076923076924,358.974358974359,1699.0
869,0.0,3320.3076923076924,371.7948717948718,1713.0
870,0.0,3320.3076923076924,384.61538461538464,1728.0
871,0.0,3320.3076923076924,397.43589743589746,1742.0
872,0.0,3320.3076923076924,410.2564102564103,1757.0
873,0.0,3320.3076923076924,423.0769230769231,1771.0
874,0.0,3320.3076923076924,435.8974358974359,1786.0
875,0.0,3320.3076923076924,448.71794871794873,1800.0
876,0.0,3320.3076923076924,461.53846153846155,1815.0
877,0.0,3320.3076923076924,474.35897435897436,1829.0
878,0.0,3320.3076923076924,487.1794871794872,1843.0
879,0.0,3320.3076923076924,500.0,1858.0
880,0.0,3334.5128205128203,0.0,1290.0
881,0.0,3334.5128205128203,12.820512820512821,1305.0
882,0.0,3334.5128205128203,25.641025641025642,1320.0
883,0.0,3334.5128205128203,38.46153846153847,1335.0
884,0.0,3334.5128205128203,51.282051282051285,1350.0
885,0.0,3334.5128205128203,64.1025641025641,1365.0
886,0.0,3334.5128205128203,76.92307692307693,1379.0
887,0.0,3334.5128205128203,89.74358974358975,1394.0
888,0.0,3334.5128205128203,102.56410256410257,1409.0
889,0.0,3334.5128205128203,115.38461538461539,1424.0
890,0.0,3334.5128205128203,128.2051282051282,1439.0
891,0.0,3334.5128205128203,141.02564102564102,1454.0
892,0.0,3334.5128205128203,153.84615384615387,1468.0
893,0.0,3334.5128205128203,166.66666666666669,1483.0
894,0.0,3334.5128205128203,179.4871794871795,1498.0
895,0.0,3334.5128205128203,192.30769230769232,1513.0
896,0.0,3334.5128205128203,205.12820512820514,1527.0
897,0.0,3334.5128205128203,217.94871794871796,1542.0
898,0.0,3334.5128205128203,230.76923076923077,1557.0
899,0.0,3334.5128205128203,243.5897435897436,1571.0
900,0.0,3334.5128205128203,256.4102564102564,1586.0
901,0.0,3334.5128205128203,269.2307692307692,1601.0
902,0.0,3334.5128205128203,282.05128205128204,1616.0
903,0.0,3334.5128205128203,294.87179487179486,1630.0
904,0.0,3334.5128205128203,307.69230769230774,1645.0
905,0.0,3334.5128205128203,320.51282051282055,1659.0
906,0.0,3334.5128205128203,333.33333333333337,1674.0
907,0.0,3334.5128205128203,346.1538461538462,1689.0
908,0.0,3334.5128205128203,358.974358974359,1703.0
909,0.0,3334.5128205128203,371.7948717948718,1718.0
910,0.0,3334.5128205128203,384.61538461538464,1733.0
911,0.0,3334.5128205128203,397.43589743589746,1747.0
912,0.0,3334.5128205128203,410.2564102564103,1762.0
913,0.0,3334.5128205128203,423.0769230769231,1776.0
914,0.0,3334.5128205128203,435.8974358974359,1791.0
915,0.0,3334.5128205128203,448.71794871794873,1805.0
916,0.0,3334.5128205128203,461.53846153846155,1820.0
917,0.0,3334.5128205128203,474.35897435897436,1835.0
918,0.0,3334.5128205128203,487.1794871794872,1849.0
919,0.0,3334.5128205128203,500.0,1864.0
920,0.0,3348.7179487179487,0.0,1290.0
921,0.0,3348.7179487179487,12.820512820512821,1305.0
922,0.0,3348.7179487179487,25.641025641025642,1320.0
923,0.0,3348.7179487179487,38.46153846153847,1335.0
924,0.0,3348.7179487179487,51.282051282051285,1350.0
925,0.0,3348.7179487179487,64.1025641025641,1366.0
926,0.0,3348.7179487179487,76.92307692307693,1381.0
927,0.0,3348.7179487179487,89.74358974358975,1396.0
928,0.0,3348.7179487179487,102.56410256410257,1411.0
929,0.0,3348.7179487179487,115.38461538461539,1426.0
930,0.0,3348.7179487179487,128.2051282051282,1441.0
931,0.0,3348.7179487179487,141.02564102564102,1455.0
932,0.0,3348.7179487179487,153.84615384615387,1470.0
933,0.0,3348.7179487179487,166.66666666666669,1485.0
934,0.0,3348.7179487179487,179.4871794871795,1500.0
935,0.0,3348.7179487179487,192.30769230769232,1515.0
936,0.0,3348.7179487179487,205.12820512820514,1530.0
937,0.0,3348.7179487179487,217.94871794871796,1545.0
938,0.0,3348.7179487179487,230.76923076923077,1560.0
939,0.0,3348.7179487179487,243.5897435897436,1575.0
940,0.0,3348.7179487179487,256.4102564102564,1589.0
941,0.0,3348.7179487179487,269.2307692307692,1604.0
942,0.0,3348.7179487179487,282.05128205128204,1619.0
943,0.0,3348.7179487179487,294.87179487179486,1634.0
944,0.0,3348.7179487179487,307.69230769230774,1649.0
945,0.0,3348.7179487179487,320.51282051282055,1663.0
946,0.0,3348.7179487179487,333.33333333333337,1678.0
947,0.0,3348.7179487179487,346.1538461538462,1693.0
948,0.0,3348.7179487179487,358.974358974359,1708.0
949,0.0,3348.7179487179487,371.7948717948718,1722.0
950,0.0,3348.7179487179487,384.61538461538464,1737.0
951,0.0,3348.7179487179487,397.43589743589746,1752.0
952,0.0,3348.7179487179487,410.2564102564103,1767.0
953,0.0,3348.7179487179487,423.0769230769231,1781.0
954,0.0,3348.7179487179487,435.8974358974359,1796.0
955,0.0,3348.7179487179487,448.71794871794873,1811.0
956,0.0,3348.7179487179487,461.53846153846155,1825.0
957,0.0,3348.7179487179487,474.35897435897436,1840.0
958,0.0,3348.7179487179487,487.1794871794872,1855.0
959,0.0,3348.7179487179487,500.0,1869.0
960,0.0,3362.923076923077,0.0,1290.0
961,0.0,3362.923076923077,12.820512820512821,1305.0
962,0.0,3362.923076923077,25.641025641025642,1321.0
963,0.0,3362.923076923077,38.46153846153847,1336.0
964,0.0,3362.923076923077,51.282051282051285,1351.0
965,0.0,3362.923076923077,64.1025641025641,1366.0
966,0.0,3362.923076923077,76.92307692307693,1382.0
967,0.0,3362.923076923077,89.74358974358975,1397.0
968,0.0,3362.923076923077,102.56410256410257,1412.0
969,0.0,3362.923076923077,115.38461538461539,1427.0
970,0.0,3362.923076923077,128.2051282051282,1442.0
971,0.0,3362.923076923077,141.02564102564102,1457.0
972,0.0,3362.923076923077,153.84615384615387,1472.0
973,0.0,3362.923076923077,166.66666666666669,1488.0
974,0.0,3362.923076923077,179.4871794871795,1503.0
975,0.0,3362.923076923077,192.30769230769232,1518.0
976,0.0,3362.923076923077,205.12820512820514,1533.0
977,0.0,3362.923076923077,217.94871794871796,1548.0
978,0.0,3362.923076923077,230.76923076923077,1563.0
979,0.0,3362.923076923077,243.5897435897436,1578.0
980,0.0,3362.923076923077,256.4102564102564,1593.0
981,0.0,3362.923076923077,269.2307692307692,1608.0
982,0.0,3362.923076923077,282.05128205128204,1623.0
983,0.0,3362.923076923077,294.87179487179486,1638.0
984,0.0,3362.923076923077,307.69230769230774,1652.0
985,0.0,3362.923076923077,320.51282051282055,1667.0
986,0.0,3362.923076923077,333.33333333333337,1682.0
987,0.0,3362.923076923077,346.1538461538462,1697.0
988,0.0,3362.923076923077,358.974358974359,1712.0
989,0.0,3362.923076923077,371.7948717948718,1727.0
990,0.0,3362.923076923077,384.61538461538464,1742.0
991,0.0,3362.923076923077,397.43589743589746,1757.0
992,0.0,3362.923076923077,410.2564102564103,1771.0
993,0.0,3362.923076923077,423.0769230769231,1786.0
994,0.0,3362.923076923077,435.8974358974359,1801.0
995,0.0,3362.923076923077,448.71794871794873,1816.0
996,0.0,3362.923076923077,461.53846153846155,1830.0
997,0.0,3362.923076923077,474.35897435897436,1845.0
998,0.0,3362.923076923077,487.1794871794872,1860.0
999,0.0,3362.923076923077,500.0,1875.0
1000,0.0,3377.128205128205,0.0,1290.0
1001,0.0,3377.128205128205,12.820512820512821,1306.0
1002,0.0,3377.128205128205,25.641025641025642,1321.0
1003,0.0,3377.128205128205,38.46153846153847,1336.0
1004,0.0,3377.128205128205,51.282051282051285,1352.0
1005,0.0,3377.128205128205,64.1025641025641,1367.0
1006,0.0,3377.128205128205,76.92307692307693,1383.0
1007,0.0,3377.128205128205,89.74358974358975,1398.0
1008,0.0,3377.128205128205,102.56410256410257,1413.0
1009,0.0,3377.128205128205,115.38461538461539,1429.0
1010,0.0,3377.128205128205,128.2051282051282,1444.0
1011,0.0,3377.128205128205,141.02564102564102,1459.0
1012,0.0,3377.128205128205,153.84615384615387,1474.0
1013,0.0,3377.128205128205,166.66666666666669,1490.0
1014,0.0,3377.128205128205,179.4871794871795,1505.0
1015,0.0,3377.128205128205,192.30769230769232,1520.0
1016,0.0,3377.128205128205,205.12820512820514,1535.0
1017,0.0,3377.128205128205,217.94871794871796,1551.0
1018,0.0,3377.128205128205,230.76923076923077,1566.0
1019,0.0,3377.128205128205,243.5897435897436,1581.0
1020,0.0,3377.128205128205,256.4102564102564,1596.0
1021,0.0,3377.128205128205,269.2307692307692,1611.0
1022,0.0,3377.128205128205,282.05128205128204,1626.0
1023,0.0,3377.128205128205,294.87179487179486,1641.0
1024,0.0,3377.128205128205,307.69230769230774,1656.0
1025,0.0,3377.128205128205,320.51282051282055,1671.0
1026,0.0,3377.128205128205,333.33333333333337,1686.0
1027,0.0,3377.128205128205,346.1538461538462,1701.0
1028,0.0,3377.128205128205,358.974358974359,1716.0
1029,0.0,3377.128205128205,371.7948717948718,1731.0
1030,0.0,3377.128205128205,384.61538461538464,1746.0
1031,0.0,3377.128205128205,397.43589743589746,1761.0
1032,0.0,3377.128205128205,410.2564102564103,1776.0
1033,0.0,3377.128205128205,423.0769230769231,1791.0
1034,0.0,3377.128205128205,435.8974358974359,1806.0
1035,0.0,3377.128205128205,448.71794871794873,1821.0
1036,0.0,3377.128205128205,461.53846153846155,1836.0
1037,0.0,3377.128205128205,474.35897435897436,1850.0
1038,0.0,3377.128205128205,487.1794871794872,1865.0
1039,0.0,3377.128205128205,500.0,1880.0
1040,0.0,3391.3333333333335,0.0,1290.0
1041,0.0,3391.3333333333335,12.820512820512821,1306.0
1042,0.0,3391.3333333333335,25.641025641025642,1321.0
1043,0.0,3391.3333333333335,38.46153846153847,1337.0
1044,0.0,3391.3333333333335,51.282051282051285,1353.0
1045,0.0,3391.3333333333335,64.1025641025641,1368.0
1046,0.0,3391.3333333333335,76.92307692307693,1384.0
1047,0.0,3391.3333333333335,89.74358974358975,1399.0
1048,0.0,3391.3333333333335,102.56410256410257,1415.0
1049,0.0,3391.3333333333335,115.38461538461539,1430.0
1050,0.0,3391.3333333333335,128.2051282051282,1446.0
1051,0.0,3391.3333333333335,141.02564102564102,1461.0
1052,0.0,3391.3333333333335,153.84615384615387,1476.0
1053,0.0,3391.3333333333335,166.66666666666669,1492.0
1054,0.0,3391.3333333333335,179.4871794871795,1507.0
1055,0.0,3391.3333333333335,192.30769230769232,1523.0
1056,0.0,3391.3333333333335,205.12820512820514,1538.0
1057,0.0,3391.3333333333335,217.94871794871796,1553.0
1058,0.0,3391.3333333333335,230.76923076923077,1568.0
1059,0.0,3391.3333333333335,243.5897435897436,1584.0
1060,0.0,3391.3333333333335,256.4102564102564,1599.0
1061,0.0,3391.3333333333335,269.2307692307692,1614.0
1062,0.0,3391.3333333333335,282.05128205128204,1629.0
1063,0.0,3391.3333333333335,294.87179487179486,1645.0
1064,0.0,3391.3333333333335,307.69230769230774,1660.0
1065,0.0,3391.3333333333335,320.51282051282055,1675.0
1066,0.0,3391.3333333333335,333.33333333333337,1690.0
1067,0.0,3391.3333333333335,346.1538461538462,1705.0
1068,0.0,3391.3333333333335,358.974358974359,1720.0
1069,0.0,3391.3333333333335,371.7948717948718,1735.0
1070,0.0,3391.3333333333335,384.61538461538464,1750.0
1071,0.0,3391.3333333333335,397.43589743589746,1766.0
1072,0.0,3391.3333333333335,410.2564102564103,1781.0
1073,0.0,3391.3333333333335,423.0769230769231,1796.0
1074,0.0,3391.3333333333335,435.8974358974359,1811.0
1075,0.0,3391.3333333333335,448.71794871794873,1826.0
1076,0.0,3391.3333333333335,461.53846153846155,1841.0
1077,0.0,3391.3333333333335,474.35897435897436,1856.0
1078,0.0,3391.3333333333335,487.1794871794872,1870.0
1079,0.0,3391.3333333333335,500.0,1885.0
1080,0.0,3405.5384615384614,0.0,1290.0
1081,0.0,3405.5384615384614,12.820512820512821,1306.0
1082,0.0,3405.5384615384614,25.641025641025642,1322.0
1083,0.0,3405.5384615384614,38.46153846153847,1338.0
1084,0.0,3405.5384615384614,51.282051282051285,1353.0
1085,0.0,3405.5384615384614,64.1025641025641,1369.0
1086,0.0,3405.5384615384614,76.92307692307693,1385.0
1087,0.0,3405.5384615384614,89.74358974358975,1400.0
1088,0.0,3405.5384615384614,102.56410256410257,1416.0
1089,0.0,3405.5384615384614,115.38461538461539,1432.0
1090,0.0,3405.5384615384614,128.2051282051282,1447.0
1091,0.0,3405.5384615384614,141.02564102564102,1463.0
1092,0.0,3405.5384615384614,153.84615384615387,1478.0
1093,0.0,3405.5384615384614,166.66666666666669,1494.0
1094,0.0,3405.5384615384614,179.4871794871795,1509.0
1095,0.0,3405.5384615384614,192.30769230769232,1525.0
1096,0.0,3405.5384615384614,205.12820512820514,1540.0
1097,0.0,3405.5384615384614,217.94871794871796,1556.0
1098,0.0,3405.5384615384614,230.76923076923077,1571.0
1099,0.0,3405.5384615384614,243.5897435897436,1587.0
1100,0.0,3405.5384615384614,256.4102564102564,1602.0
1101,0.0,3405.5384615384614,269.2307692307692,1617.0
1102,0.0,3405.5384615384614,282.05128205128204,1633.0
1103,0.0,3405.5384615384614,294.87179487179486,1648.0
1104,0.0,3405.5384615384614,307.69230769230774,1663.0
1105,0.0,3405.5384615384614,320.51282051282055,1679.0
1106,0.0,3405.5384615384614,333.33333333333337,1694.0
1107,0.0,3405.5384615384614,346.1538461538462,1709.0
1108,0.0,3405.5384615384614,358.974358974359,1724.0
1109,0.0,3405.5384615384614,371.7948717948718,1740.0
1110,0.0,3405.5384615384614,384.61538461538464,1755.0
1111,0.0,3405.5384615384614,397.43589743589746,1770.0
1112,0.0,3405.5384615384614,410.2564102564103,1785.0
1113,0.0,3405.5384615384614,423.0769230769231,1800.0
1114,0.0,3405.5384615384614,435.8974358974359,1815.0
1115,0.0,3405.5384615384614,448.71794871794873,1830.0
1116,0.0,3405.5384615384614,461.53846153846155,1845.0
1117,0.0,3405.5384615384614,474.35897435897436,1861.0
1118,0.0,3405.5384615384614,487.1794871794872,1876.0
1119,0.0,3405.5384615384614,500.0,1891.0
1120,0.0,3419.74358974359,0.0,1290.0
1121,0.0,3419.74358974359,12.820512820512821,1306.0
1122,0.0,3419.74358974359,25.641025641025642,1322.0
1123,0.0,3419.74358974359,38.46153846153847,1338.0
1124,0.0,3419.74358974359,51.282051282051285,1354.0
1125,0.0,3419.74358974359,64.1025641025641,1370.0
1126,0.0,3419.74358974359,76.92307692307693,1386.0
1127,0.0,3419.74358974359,89.74358974358975,1401.0
1128,0.0,3419.74358974359,102.56410256410257,1417.0
1129,0.0,3419.74358974359,115.38461538461539,1433.0
1130,0.0,3419.74358974359,128.2051282051282,1449.0
1131,0.0,3419.74358974359,141.02564102564102,1464.0
1132,0.0,3419.74358974359,153.84615384615387,1480.0
1133,0.0,3419.74358974359,166.66666666666669,1496.0
1134,0.0,3419.74358974359,179.4871794871795,1512.0
1135,0.0,3419.74358974359,192.30769230769232,1527.0
1136,0.0,3419.74358974359,205.12820512820514,1543.0
1137,0.0,3419.74358974359,217.94871794871796,1558.0
1138,0.0,3419.74358974359,230.76923076923077,1574.0
1139,0.0,3419.74358974359,243.5897435897436,1589.0
1140,0.0,3419.74358974359,256.4102564102564,1605.0
1141,0.0,3419.74358974359,269.2307692307692,1620.0
1142,0.0,3419.74358974359,282.05128205128204,1636.0
1143,0.0,3419.74358974359,294.87179487179486,1651.0
1144,0.0,3419.74358974359,307.69230769230774,1667.0
1145,0.0,3419.74358974359,320.51282051282055,1682.0
1146,0.0,3419.74358974359,333.33333333333337,1698.0
1147,0.0,3419.74358974359,346.1538461538462,1713.0
1148,0.0,3419.74358974359,358.974358974359,1728.0
1149,0.0,3419.74358974359,371.7948717948718,1744.0
1150,0.0,3419.74358974359,384.61538461538464,1759.0
1151,0.0,3419.74358974359,397.43589743589746,1774.0
1152,0.0,3419.74358974359,410.2564102564103,1789.0
1153,0.0,3419.74358974359,423.0769230769231,1805.0
1154,0.0,3419.74358974359,435.8974358974359,1820.0
1155,0.0,3419.74358974359,448.71794871794873,1835.0
1156,0.0,3419.74358974359,461.53846153846155,1850.0
1157,0.0,3419.74358974359,474.35897435897436,1865.0
1158,0.0,3419.74358974359,487.1794871794872,1881.0
1159,0.0,3419.74358974359,500.0,1896.0
1160,0.0,3433.948717948718,0.0,1290.0
1161,0.0,3433.948717948718,12.820512820512821,1306.0
1162,0.0,3433.948717948718,25.641025641025642,1322.0
1163,0.0,3433.948717948718,38.46153846153847,1338.0
1164,0.0,3433.948717948718,51.282051282051285,1354.0
1165,0.0,3433.948717948718,64.1025641025641,1371.0
1166,0.0,3433.948717948718,76.92307692307693,1387.0
1167,0.0,3433.948717948718,89.74358974358975,1402.0
1168,0.0,3433.948717948718,102.56410256410257,1418.0
1169,0.0,3433.948717948718,115.38461538461539,1434.0
1170,0.0,3433.948717948718,128.2051282051282,1450.0
1171,0.0,3433.948717948718,141.02564102564102,1466.0
1172,0.0,3433.948717948718,153.84615384615387,1482.0
1173,0.0,3433.948717948718,166.66666666666669,1498.0
1174,0.0,3433.948717948718,179.4871794871795,1514.0
1175,0.0,3433.948717948718,192.30769230769232,1529.0
1176,0.0,3433.948717948718,205.12820512820514,1545.0
1177,0.0,3433.948717948718,217.94871794871796,1561.0
1178,0.0,3433.948717948718,230.76923076923077,1576.0
1179,0.0,3433.948717948718,243.5897435897436,1592.0
1180,0.0,3433.948717948718,256.4102564102564,1608.0
1181,0.0,3433.948717948718,269.2307692307692,1623.0
1182,0.0,3433.948717948718,282.05128205128204,1639.0
1183,0.0,3433.948717948718,294.87179487179486,1654.0
1184,0.0,3433.948717948718,307.69230769230774,1670.0
1185,0.0,3433.948717948718,320.51282051282055,1686.0
1186,0.0,3433.948717948718,333.33333333333337,1701.0
1187,0.0,3433.948717948718,346.1538461538462,1717.0
1188,0.0,3433.948717948718,358.974358974359,1732.0
1189,0.0,3433.948717948718,371.7948717948718,1747.0
1190,0.0,3433.948717948718,384.61538461538464,1763.0
1191,0.0,3433.948717948718,397.43589743589746,1778.0
1192,0.0,3433.948717948718,410.2564102564103,1794.0
1193,0.0,3433.948717948718,423.0769230769231,1809.0
1194,0.0,3433.948717948718,435.8974358974359,1824.0
1195,0.0,3433.948717948718,448.71794871794873,1840.0
1196,0.0,3433.948717948718,461.53846153846155,1855.0
1197,0.0,3433.948717948718,474.35897435897436,1870.0
1198,0.0,3433.948717948718,487.1794871794872,1885.0
1199,0.0,3433.948717948718,500.0,1901.0
1200,0.0,3448.153846153846,0.0,1290.0
1201,0.0,3448.153846153846,12.820512820512821,1306.0
1202,0.0,3448.153846153846,25.641025641025642,1323.0
1203,0.0,3448.153846153846,38.46153846153847,1339.0
1204,0.0,3448.153846153846,51.282051282051285,1355.0
1205,0.0,3448.153846153846,64.1025641025641,1371.0
1206,0.0,3448.153846153846,76.92307692307693,1387.0
1207,0.0,3448.153846153846,89.74358974358975,1403.0
1208,0.0,3448.153846153846,102.56410256410257,1420.0
1209,0.0,3448.153846153846,115.38461538461539,1436.0
1210,0.0,3448.153846153846,128.2051282051282,1452.0
1211,0.0,3448.153846153846,141.02564102564102,1468.0
1212,0.0,3448.153846153846,153.84615384615387,1484.0
1213,0.0,3448.153846153846,166.66666666666669,1500.0
1214,0.0,3448.153846153846,179.4871794871795,1515.0
1215,0.0,3448.153846153846,192.30769230769232,1531.0
1216,0.0,3448.153846153846,205.12820512820514,1547.0
1217,0.0,3448.153846153846,217.94871794871796,1563.0
1218,0.0,3448.153846153846,230.76923076923077,1579.0
1219,0.0,3448.153846153846,243.5897435897436,1595.0
1220,0.0,3448.153846153846,256.4102564102564,1610.0
1221,0.0,3448.153846153846,269.2307692307692,1626.0
1222,0.0,3448.153846153846,282.05128205128204,1642.0
1223,0.0,3448.153846153846,294.87179487179486,1658.0
1224,0.0,3448.153846153846,307.69230769230774,1673.0
1225,0.0,3448.153846153846,320.51282051282055,1689.0
1226,0.0,3448.153846153846,333.33333333333337,1704.0
1227,0.0,3448.153846153846,346.1538461538462,1720.0
1228,0.0,3448.153846153846,358.974358974359,1736.0
1229,0.0,3448.153846153846,371.7948717948718,1751.0
1230,0.0,3448.153846153846,384.61538461538464,1767.0
1231,0.0,3448.153846153846,397.43589743589746,1782.0
1232,0.0,3448.153846153846,410.2564102564103,1798.0
1233,0.0,3448.153846153846,423.0769230769231,1813.0
1234,0.0,3448.153846153846,435.8974358974359,1828.0
1235,0.0,3448.153846153846,448.71794871794873,1844.0
1236,0.0,3448.153846153846,461.53846153846155,1859.0
1237,0.0,3448.153846153846,474.35897435897436,1875.0
1238,0.0,3448.153846153846,487.1794871794872,1890.0
1239,0.0,3448.153846153846,500.0,1905.0
1240,0.0,3462.3589743589746,0.0,1290.0
1241,0.0,3462.3589743589746,12.820512820512821,1307.0
1242,0.0,3462.3589743589746,25.641025641025642,1323.0
1243,0.0,3462.3589743589746,38.46153846153847,1339.0
1244,0.0,3462.3589743589746,51.282051282051285,1356.0
1245,0.0,3462.3589743589746,64.1025641025641,1372.0
1246,0.0,3462.3589743589746,76.92307692307693,1388.0
1247,0.0,3462.3589743589746,89.74358974358975,1404.0
1248,0.0,3462.3589743589746,102.56410256410257,1421.0
1249,0.0,3462.3589743589746,115.38461538461539,1437.0
1250,0.0,3462.3589743589746,128.2051282051282,1453.0
1251,0.0,3462.3589743589746,141.02564102564102,1469.0
1252,0.0,3462.3589743589746,153.84615384615387,1485.0
1253,0.0,3462.3589743589746,166.66666666666669,1501.0
1254,0.0,3462.3589743589746,179.4871794871795,1517.0
1255,0.0,3462.3589743589746,192.30769230769232,1533.0
1256,0.0,3462.3589743589746,205.12820512820514,1549.0
1257,0.0,3462.3589743589746,217.94871794871796,1565.0
1258,0.0,3462.3589743589746,230.76923076923077,1581.0
1259,0.0,3462.3589743589746,243.5897435897436,1597.0
1260,0.0,3462.3589743589746,256.4102564102564,1613.0
1261,0.0,3462.3589743589746,269.2307692307692,1629.0
1262,0.0,3462.3589743589746,282.05128205128204,1645.0
1263,0.0,3462.3589743589746,294.87179487179486,1660.0
1264,0.0,3462.3589743589746,307.69230769230774,1676.0
1265,0.0,3462.3589743589746,320.51282051282055,1692.0
1266,0.0,3462.3589743589746,333.33333333333337,1708.0
1267,0.0,3462.3589743589746,346.1538461538462,1723.0
1268,0.0,3462.3589743589746,358.974358974359,1739.0
1269,0.0,3462.3589743589746,371.7948717948718,1755.0
1270,0.0,3462.3589743589746,384.61538461538464,1770.0
1271,0.0,3462.3589743589746,397.43589743589746,1786.0
1272,0.0,3462.3589743589746,410.2564102564103,1802.0
1273,0.0,3462.3589743589746,423.0769230769231,1817.0
1274,0.0,3462.3589743589746,435.8974358974359,1833.0
1275,0.0,3462.3589743589746,448.71794871794873,1848.0
1276,0.0,3462.3589743589746,461.53846153846155,1864.0
1277,0.0,3462.3589743589746,474.35897435897436,1879.0
1278,0.0,3462.3589743589746,487.1794871794872,1894.0
1279,0.0,3462.3589743589746,500.0,1910.0
1280,0.0,3476.5641025641025,0.0,1290.0
1281,0.0,3476.5641025641025,12.820512820512821,1307.0
1282,0.0,3476.5641025641025,25.641025641025642,1323.0
1283,0.0,3476.5641025641025,38.46153846153847,1340.0
1284,0.0,3476.5641025641025,51.282051282051285,1356.0
1285,0.0,3476.5641025641025,64.1025641025641,1372.0
1286,0.0,3476.5641025641025,76.92307692307693,1389.0
1287,0.0,3476.5641025641025,89.74358974358975,1405.0
1288,0.0,3476.5641025641025,102.56410256410257,1422.0
1289,0.0,3476.5641025641025,115.38461538461539,1438.0
1290,0.0,3476.5641025641025,128.2051282051282,1454.0
1291,0.0,3476.5641025641025,141.02564102564102,1470.0
1292,0.0,3476.5641025641025,153.84615384615387,1487.0
1293,0.0,3476.5641025641025,166.66666666666669,1503.0
1294,0.0,3476.5641025641025,179.4871794871795,1519.0
1295,0.0,3476.5641025641025,192.30769230769232,1535.0
1296,0.0,3476.5641025641025,205.12820512820514,1551.0
1297,0.0,3476.5641025641025,217.94871794871796,1567.0
1298,0.0,3476.5641025641025,230.76923076923077,1583.0
1299,0.0,3476.5641025641025,243.5897435897436,1599.0
1300,0.0,3476.5641025641025,256.4102564102564,1615.0
1301,0.0,3476.5641025641025,269.2307692307692,1631.0
1302,0.0,3476.5641025641025,282.05128205128204,1647.0
1303,0.0,3476.5641025641025,294.87179487179486,1663.0
1304,0.0,3476.5641025641025,307.69230769230774,1679.0
1305,0.0,3476.5641025641025,320.51282051282055,1695.0
1306,0.0,3476.5641025641025,333.33333333333337,1711.0
1307,0.0,3476.5641025641025,346.1538461538462,1727.0
1308,0.0,3476.5641025641025,358.974358974359,1742.0
1309,0.0,3476.5641025641025,371.7948717948718,1758.0
1310,0.0,3476.5641025641025,384.61538461538464,1774.0
1311,0.0,3476.5641025641025,397.43589743589746,1790.0
1312,0.0,3476.5641025641025,410.2564102564103,1805.0
1313,0.0,3476.5641025641025,423.0769230769231,1821.0
1314,0.0,3476.5641025641025,435.8974358974359,1837.0
1315,0.0,3476.5641025641025,448.71794871794873,1852.0
1316,0.0,3476.5641025641025,461.53846153846155,1868.0
1317,0.0,3476.5641025641025,474.35897435897436,1883.0
1318,0.0,3476.5641025641025,487.1794871794872,1899.0
1319,0.0,3476.5641025641025,500.0,1914.0
1320,0.0,3490.7692307692305,0.0,1290.0
1321,0.0,3490.7692307692305,12.820512820512821,1307.0
1322,0.0,3490.7692307692305,25.641025641025642,1323.0
1323,0.0,3490.7692307692305,38.46153846153847,1340.0
1324,0.0,3490.7692307692305,51.282051282051285,1357.0
1325,0.0,3490.7692307692305,64.1025641025641,1373.0
1326,0.0,3490.7692307692305,76.92307692307693,1390.0
1327,0.0,3490.7692307692305,89.74358974358975,1406.0
1328,0.0,3490.7692307692305,102.56410256410257,1422.0
1329,0.0,3490.7692307692305,115.38461538461539,1439.0
1330,0.0,3490.7692307692305,128.2051282051282,1455.0
1331,0.0,3490.7692307692305,141.02564102564102,1472.0
1332,0.0,3490.7692307692305,153.84615384615387,1488.0
1333,0.0,3490.7692307692305,166.66666666666669,1504.0
1334,0.0,3490.7692307692305,179.4871794871795,1521.0
1335,0.0,3490.7692307692305,192.30769230769232,1537.0
1336,0.0,3490.7692307692305,205.12820512820514,1553.0
1337,0.0,3490.7692307692305,217.94871794871796,1569.0
1338,0.0,3490.7692307692305,230.76923076923077,1585.0
1339,0.0,3490.7692307692305,243.5897435897436,1602.0
1340,0.0,3490.7692307692305,256.4102564102564,1618.0
1341,0.0,3490.7692307692305,269.2307692307692,1634.0
1342,0.0,3490.7692307692305,282.05128205128204,1650.0
1343,0.0,3490.7692307692305,294.87179487179486,1666.0
1344,0.0,3490.7692307692305,307.69230769230774,1682.0
1345,0.0,3490.7692307692305,320.51282051282055,1698.0
1346,0.0,3490.7692307692305,333.33333333333337,1714.0
1347,0.0,3490.7692307692305,346.1538461538462,1730.0
1348,0.0,3490.7692307692305,358.974358974359,1745.0
1349,0.0,3490.7692307692305,371.7948717948718,1761.0
1350,0.0,3490.7692307692305,384.61538461538464,1777.0
1351,0.0,3490.7692307692305,397.43589743589746,1793.0
1352,0.0,3490.7692307692305,410.2564102564103,1809.0
1353,0.0,3490.7692307692305,423.0769230769231,1824.0
1354,0.0,3490.7692307692305,435.8974358974359,1840.0
1355,0.0,3490.7692307692305,448.71794871794873,1856.0
1356,0.0,3490.7692307692305,461.53846153846155,1872.0
1357,0.0,3490.7692307692305,474.35897435897436,1887.0
1358,0.0,3490.7692307692305,487.1794871794872,1903.0
1359,0.0,3490.7692307692305,500.0,1918.0
1360,0.0,3504.974358974359,0.0,1290.0
1361,0.0,3504.974358974359,12.820512820512821,1307.0
1362,0.0,3504.974358974359,25.641025641025642,1324.0
1363,0.0,3504.974358974359,38.46153846153847,1340.0
1364,0.0,3504.974358974359,51.282051282051285,1357.0
1365,0.0,3504.974358974359,64.1025641025641,1373.0
1366,0.0,3504.974358974359,76.92307692307693,1390.0
1367,0.0,3504.974358974359,89.74358974358975,1407.0
1368,0.0,3504.974358974359,102.56410256410257,1423.0
1369,0.0,3504.974358974359,115.38461538461539,1440.0
1370,0.0,3504.974358974359,128.2051282051282,1456.0
1371,0.0,3504.974358974359,141.02564102564102,1473.0
1372,0.0,3504.974358974359,153.84615384615387,1489.0
1373,0.0,3504.974358974359,166.66666666666669,1506.0
1374,0.0,3504.974358974359,179.4871794871795,1522.0
1375,0.0,3504.974358974359,192.30769230769232,1538.0
1376,0.0,3504.974358974359,205.12820512820514,1555.0
1377,0.0,3504.974358974359,217.94871794871796,1571.0
1378,0.0,3504.974358974359,230.76923076923077,1587.0
1379,0.0,3504.974358974359,243.5897435897436,1603.0
1380,0.0,3504.974358974359,256.4102564102564,1620.0
1381,0.0,3504.974358974359,269.2307692307692,1636.0
1382,0.0,3504.974358974359,282.05128205128204,1652.0
1383,0.0,3504.974358974359,294.87179487179486,1668.0
1384,0.0,3504.974358974359,307.69230769230774,1684.0
1385,0.0,3504.974358974359,320.51282051282055,1700.0
1386,0.0,3504.974358974359,333.33333333333337,1716.0
1387,0.0,3504.974358974359,346.1538461538462,1732.0
1388,0.0,3504.974358974359,358.974358974359,1748.0
1389,0.0,3504.974358974359,371.7948717948718,1764.0
1390,0.0,3504.974358974359,384.61538461538464,1780.0
1391,0.0,3504.974358974359,397.43589743589746,1796.0
1392,0.0,3504.974358974359,410.2564102564103,1812.0
1393,0.0,3504.974358974359,423.0769230769231,1828.0
1394,0.0,3504.974358974359,435.8974358974359,1844.0
1395,0.0,3504.974358974359,448.71794871794873,1859.0
1396,0.0,3504.974358974359,461.53846153846155,1875.0
1397,0.0,3504.974358974359,474.35897435897436,1891.0
1398,0.0,3504.974358974359,487.1794871794872,1907.0
1399,0.0,3504.974358974359,500.0,1922.0
1400,0.0,3519.1794871794873,0.0,1290.0
1401,0.0,3519.1794871794873,12.820512820512821,1307.0
1402,0.0,3519.1794871794873,25.641025641025642,1324.0
1403,0.0,3519.1794871794873,38.46153846153847,1340.0
1404,0.0,3519.1794871794873,51.282051282051285,1357.0
1405,0.0,3519.1794871794873,64.1025641025641,1374.0
1406,0.0,3519.1794871794873,76.92307692307693,1391.0
1407,0.0,3519.1794871794873,89.74358974358975,1407.0
1408,0.0,3519.1794871794873,102.56410256410257,1424.0
1409,0.0,3519.1794871794873,115.38461538461539,1440.0
1410,0.0,3519.1794871794873,128.2051282051282,1457.0
1411,0.0,3519.1794871794873,141.02564102564102,1474.0
1412,0.0,3519.1794871794873,153.84615384615387,1490.0
1413,0.0,3519.1794871794873,166.66666666666669,1507.0
1414,0.0,3519.1794871794873,179.4871794871795,1523.0
1415,0.0,3519.1794871794873,192.30769230769232,1540.0
1416,0.0,3519.1794871794873,205.12820512820514,1556.0
1417,0.0,3519.1794871794873,217.94871794871796,1572.0
1418,0.0,3519.1794871794873,230.76923076923077,1589.0
1419,0.0,3519.1794871794873,243.5897435897436,1605.0
1420,0.0,3519.1794871794873,256.4102564102564,1621.0
1421,0.0,3519.1794871794873,269.2307692307692,1638.0
1422,0.0,3519.1794871794873,282.05128205128204,1654.0
1423,0.0,3519.1794871794873,294.87179487179486,1670.0
1424,0.0,3519.1794871794873,307.69230769230774,1686.0
1425,0.0,3519.1794871794873,320.51282051282055,1703.0
1426,0.0,3519.1794871794873,333.33333333333337,1719.0
1427,0.0,3519.1794871794873,346.1538461538462,1735.0
1428,0.0,3519.1794871794873,358.974358974359,1751.0
1429,0.0,3519.1794871794873,371.7948717948718,1767.0
1430,0.0,3519.1794871794873,384.61538461538464,1783.0
1431,0.0,3519.1794871794873,397.43589743589746,1799.0
1432,0.0,3519.1794871794873,410.2564102564103,1815.0
1433,0.0,3519.1794871794873,423.0769230769231,1831.0
1434,0.0,3519.1794871794873,435.8974358974359,1847.0
1435,0.0,3519.1794871794873,448.71794871794873,1863.0
1436,0.0,3519.1794871794873,461.53846153846155,1879.0
1437,0.0,3519.1794871794873,474.35897435897436,1894.0
1438,0.0,3519.1794871794873,487.1794871794872,1910.0
1439,0.0,3519.1794871794873,500.0,1926.0
1440,0.0,3533.3846153846152,0.0,1290.0
1441,0.0,3533.3846153846152,12.820512820512821,1307.0
1442,0.0,3533.3846153846152,25.641025641025642,1324.0
1443,0.0,3533.3846153846152,38.46153846153847,1340.0
1444,0.0,3533.3846153846152,51.282051282051285,1357.0
1445,0.0,3533.3846153846152,64.1025641025641,1374.0
1446,0.0,3533.3846153846152,76.92307692307693,1391.0
1447,0.0,3533.3846153846152,89.74358974358975,1408.0
1448,0.0,3533.3846153846152,102.56410256410257,1424.0
1449,0.0,3533.3846153846152,115.38461538461539,1441.0
1450,0.0,3533.3846153846152,128.2051282051282,1458.0
1451,0.0,3533.3846153846152,141.02564102564102,1474.0
1452,0.0,3533.3846153846152,153.84615384615387,1491.0
1453,0.0,3533.3846153846152,166.66666666666669,1507.0
1454,0.0,3533.3846153846152,179.4871794871795,1524.0
1455,0.0,3533.3846153846152,192.30769230769232,1541.0
1456,0.0,3533.3846153846152,205.12820512820514,1557.0
1457,0.0,3533.3846153846152,217.94871794871796,1574.0
1458,0.0,3533.3846153846152,230.76923076923077,1590.0
1459,0.0,3533.3846153846152,243.5897435897436,1607.0
1460,0.0,3533.3846153846152,256.4102564102564,1623.0
1461,0.0,3533.3846153846152,269.2307692307692,1639.0
1462,0.0,3533.3846153846152,282.05128205128204,1656.0
1463,0.0,3533.3846153846152,294.87179487179486,1672.0
1464,0.0,3533.3846153846152,307.69230769230774,1688.0
1465,0.0,3533.3846153846152,320.51282051282055,1705.0
1466,0.0,3533.3846153846152,333.33333333333337,1721.0
1467,0.0,3533.3846153846152,346.1538461538462,1737.0
1468,0.0,3533.3846153846152,358.974358974359,1753.0
1469,0.0,3533.3846153846152,371.7948717948718,1769.0
1470,0.0,3533.3846153846152,384.61538461538464,1786.0
1471,0.0,3533.3846153846152,397.43589743589746,1802.0
1472,0.0,3533.3846153846152,410.2564102564103,1818.0
1473,0.0,3533.3846153846152,423.0769230769231,1834.0
1474,0.0,3533.3846153846152,435.8974358974359,1850.0
1475,0.0,3533.3846153846152,448.71794871794873,1866.0
1476,0.0,3533.3846153846152,461.53846153846155,1882.0
1477,0.0,3533.3846153846152,474.35897435897436,1898.0
1478,0.0,3533.3846153846152,487.1794871794872,1914.0
1479,0.0,3533.3846153846152,500.0,1929.0
1480,0.0,3547.5897435897436,0.0,1290.0
1481,0.0,3547.5897435897436,12.820512820512821,1307.0
1482,0.0,3547.5897435897436,25.641025641025642,1324.0
1483,0.0,3547.5897435897436,38.46153846153847,1340.0
1484,0.0,3547.5897435897436,51.282051282051285,1357.0
1485,0.0,3547.5897435897436,64.1025641025641,1374.0
1486,0.0,3547.5897435897436,76.92307692307693,1391.0
1487,0.0,3547.5897435897436,89.74358974358975,1408.0
1488,0.0,3547.5897435897436,102.56410256410257,1424.0
1489,0.0,3547.5897435897436,115.38461538461539,1441.0
1490,0.0,3547.5897435897436,128.2051282051282,1458.0
1491,0.0,3547.5897435897436,141.02564102564102,1475.0
1492,0.0,3547.5897435897436,153.84615384615387,1491.0
1493,0.0,3547.5897435897436,166.66666666666669,1508.0
1494,0.0,3547.5897435897436,179.4871794871795,1525.0
1495,0.0,3547.5897435897436,192.30769230769232,1541.0
1496,0.0,3547.5897435897436,205.12820512820514,1558.0
1497,0.0,3547.5897435897436,217.94871794871796,1574.0
1498,0.0,3547.5897435897436,230.76923076923077,1591.0
1499,0.0,3547.5897435897436,243.5897435897436,1608.0
1500,0.0,3547.5897435897436,256.4102564102564,1624.0
1501,0.0,3547.5897435897436,269.2307692307692,1641.0
1502,0.0,3547.5897435897436,282.05128205128204,1657.0
1503,0.0,3547.5897435897436,294.87179487179486,1673.0
1504,0.0,3547.5897435897436,307.69230769230774,1690.0
1505,0.0,3547.5897435897436,320.51282051282055,1706.0
1506,0.0,3547.5897435897436,333.33333333333337,1723.0
1507,0.0,3547.5897435897436,346.1538461538462,1739.0
1508,0.0,3547.5897435897436,358.974358974359,1755.0
1509,0.0,3547.5897435897436,371.7948717948718,1771.0
1510,0.0,3547.5897435897436,384.61538461538464,1788.0
1511,0.0,3547.5897435897436,397.43589743589746,1804.0
1512,0.0,3547.5897435897436,410.2564102564103,1820.0
1513,0.0,3547.5897435897436,423.0769230769231,1836.0
1514,0.0,3547.5897435897436,435.8974358974359,1852.0
1515,0.0,3547.5897435897436,448.71794871794873,1868.0
1516,0.0,3547.5897435897436,461.53846153846155,1884.0
1517,0.0,3547.5897435897436,474.35897435897436,1900.0
1518,0.0,3547.5897435897436,487.1794871794872,1916.0
1519,0.0,3547.5897435897436,500.0,1932.0
1520,0.0,3561.794871794872,0.0,1290.0
1521,0.0,3561.794871794872,12.820512820512821,1307.0
1522,0.0,3561.794871794872,25.641025641025642,1323.0
1523,0.0,3561.794871794872,38.46153846153847,1340.0
1524,0.0,3561.794871794872,51.282051282051285,1357.0
1525,0.0,3561.794871794872,64.1025641025641,1374.0
1526,0.0,3561.794871794872,76.92307692307693,1391.0
1527,0.0,3561.794871794872,89.74358974358975,1407.0
1528,0.0,3561.794871794872,102.56410256410257,1424.0
1529,0.0,3561.794871794872,115.38461538461539,1441.0
1530,0.0,3561.794871794872,128.2051282051282,1458.0
1531,0.0,3561.794871794872,141.02564102564102,1474.0
1532,0.0,3561.794871794872,153.84615384615387,1491.0
1533,0.0,3561.794871794872,166.66666666666669,1508.0
1534,0.0,3561.794871794872,179.4871794871795,1525.0
1535,0.0,3561.794871794872,192.30769230769232,1541.0
1536,0.0,3561.794871794872,205.12820512820514,1558.0
1537,0.0,3561.794871794872,217.94871794871796,1575.0
1538,0.0,3561.794871794872,230.76923076923077,1591.0
1539,0.0,3561.794871794872,243.5897435897436,1608.0
1540,0.0,3561.794871794872,256.4102564102564,1625.0
1541,0.0,3561.794871794872,269.2307692307692,1641.0
1542,0.0,3561.794871794872,282.05128205128204,1658.0
1543,0.0,3561.794871794872,294.87179487179486,1674.0
1544,0.0,3561.794871794872,307.69230769230774,1691.0
1545,0.0,3561.794871794872,320.51282051282055,1707.0
1546,0.0,3561.794871794872,333.33333333333337,1724.0
1547,0.0,3561.794871794872,346.1538461538462,1740.0
1548,0.0,3561.794871794872,358.974358974359,1756.0
1549,0.0,3561.794871794872,371.7948717948718,1773.0
1550,0.0,3561.794871794872,384.61538461538464,1789.0
1551,0.0,3561.794871794872,397.43589743589746,1805.0
1552,0.0,3561.794871794872,410.2564102564103,1822.0
1553,0.0,3561.794871794872,423.0769230769231,1838.0
1554,0.0,3561.794871794872,435.8974358974359,1854.0
1555,0.0,3561.794871794872,448.71794871794873,1870.0
1556,0.0,3561.794871794872,461.53846153846155,1886.0
1557,0.0,3561.794871794872,474.35897435897436,1902.0
1558,0.0,3561.794871794872,487.1794871794872,1918.0
1559,0.0,3561.794871794872,500.0,1935.0
1560,0.0,3576.0,0.0,1290.0
1561,0.0,3576.0,12.820512820512821,1306.0
1562,0.0,3576.0,25.641025641025642,1323.0
1563,0.0,3576.0,38.46153846153847,1339.0
1564,0.0,3576.0,51.282051282051285,1356.0
1565,0.0,3576.0,64.1025641025641,1373.0
1566,0.0,3576.0,76.92307692307693,1389.0
1567,0.0,3576.0,89.74358974358975,1406.0
1568,0.0,3576.0,102.56410256410257,1423.0
1569,0.0,3576.0,115.38461538461539,1440.0
1570,0.0,3576.0,128.2051282051282,1457.0
1571,0.0,3576.0,141.02564102564102,1473.0
1572,0.0,3576.0,153.84615384615387,1490.0
1573,0.0,3576.0,166.66666666666669,1507.0
1574,0.0,3576.0,179.4871794871795,1524.0
1575,0.0,3576.0,192.30769230769232,1541.0
1576,0.0,3576.0,205.12820512820514,1557.0
1577,0.0,3576.0,217.94871794871796,1574.0
1578,0.0,3576.0,230.76923076923077,1591.0
1579,0.0,3576.0,243.5897435897436,1607.0
1580,0.0,3576.0,256.4102564102564,1624.0
1581,0.0,3576.0,269.2307692307692,1641.0
1582,0.0,3576.0,282.05128205128204,1657.0
1583,0.0,3576.0,294.87179487179486,1674.0
1584,0.0,3576.0,307.69230769230774,1691.0
1585,0.0,3576.0,320.51282051282055,1707.0
1586,0.0,3576.0,333.33333333333337,1724.0
1587,0.0,3576.0,346.1538461538462,1740.0
1588,0.0,3576.0,358.974358974359,1757.0
1589,0.0,3576.0,371.7948717948718,1773.0
1590,0.0,3576.0,384.61538461538464,1789.0
1591,0.0,3576.0,397.43589743589746,1806.0
1592,0.0,3576.0,410.2564102564103,1822.0
1593,0.0,3576.0,423.0769230769231,1838.0
1594,0.0,3576.0,435.8974358974359,1855.0
1595,0.0,3576.0,448.71794871794873,1871.0
1596,0.0,3576.0,461.53846153846155,1887.0
1597,0.0,3576.0,474.35897435897436,1903.0
1598,0.0,3576.0,487.1794871794872,1920.0
1599,0.0,3576.0,500.0,1936.0
